pitcher,injury_actual,injury_prob,injury_pred,model,threshold
502171,0,0.22294348,1,xgboost_enhanced_fitnow,0.0066650183871388435
681911,0,0.14946695,1,xgboost_enhanced_fitnow,0.0066650183871388435
686294,0,0.11879038,1,xgboost_enhanced_fitnow,0.0066650183871388435
687396,0,0.11784234,1,xgboost_enhanced_fitnow,0.0066650183871388435
641540,0,0.10829235,1,xgboost_enhanced_fitnow,0.0066650183871388435
622072,0,0.095002495,1,xgboost_enhanced_fitnow,0.0066650183871388435
682989,0,0.08511373,1,xgboost_enhanced_fitnow,0.0066650183871388435
471911,0,0.07666012,1,xgboost_enhanced_fitnow,0.0066650183871388435
571510,0,0.07535918,1,xgboost_enhanced_fitnow,0.0066650183871388435
641329,0,0.0644988,1,xgboost_enhanced_fitnow,0.0066650183871388435
677020,0,0.060491633,1,xgboost_enhanced_fitnow,0.0066650183871388435
665152,0,0.059245218,1,xgboost_enhanced_fitnow,0.0066650183871388435
657272,0,0.059183937,1,xgboost_enhanced_fitnow,0.0066650183871388435
693433,0,0.05881247,1,xgboost_enhanced_fitnow,0.0066650183871388435
676831,0,0.05444108,1,xgboost_enhanced_fitnow,0.0066650183871388435
656849,0,0.053595103,1,xgboost_enhanced_fitnow,0.0066650183871388435
676265,0,0.047842834,1,xgboost_enhanced_fitnow,0.0066650183871388435
669721,1,0.04781445,1,xgboost_enhanced_fitnow,0.0066650183871388435
595928,0,0.044211723,1,xgboost_enhanced_fitnow,0.0066650183871388435
592717,0,0.039682444,1,xgboost_enhanced_fitnow,0.0066650183871388435
628317,0,0.0377569,1,xgboost_enhanced_fitnow,0.0066650183871388435
657756,0,0.03712256,1,xgboost_enhanced_fitnow,0.0066650183871388435
681154,0,0.037107803,1,xgboost_enhanced_fitnow,0.0066650183871388435
656061,0,0.034471195,1,xgboost_enhanced_fitnow,0.0066650183871388435
677944,0,0.033535875,1,xgboost_enhanced_fitnow,0.0066650183871388435
669461,0,0.03181513,1,xgboost_enhanced_fitnow,0.0066650183871388435
665001,0,0.03132636,1,xgboost_enhanced_fitnow,0.0066650183871388435
571539,0,0.02944922,1,xgboost_enhanced_fitnow,0.0066650183871388435
502202,0,0.02878508,1,xgboost_enhanced_fitnow,0.0066650183871388435
680704,0,0.027545428,1,xgboost_enhanced_fitnow,0.0066650183871388435
666157,0,0.026391363,1,xgboost_enhanced_fitnow,0.0066650183871388435
686972,0,0.025290215,1,xgboost_enhanced_fitnow,0.0066650183871388435
608337,0,0.025129959,1,xgboost_enhanced_fitnow,0.0066650183871388435
592789,0,0.02469904,1,xgboost_enhanced_fitnow,0.0066650183871388435
642232,0,0.024028463,1,xgboost_enhanced_fitnow,0.0066650183871388435
669060,0,0.023730304,1,xgboost_enhanced_fitnow,0.0066650183871388435
543294,0,0.021827767,1,xgboost_enhanced_fitnow,0.0066650183871388435
681517,0,0.020921558,1,xgboost_enhanced_fitnow,0.0066650183871388435
608379,0,0.02082834,1,xgboost_enhanced_fitnow,0.0066650183871388435
622103,0,0.02025304,1,xgboost_enhanced_fitnow,0.0066650183871388435
681869,0,0.01992341,1,xgboost_enhanced_fitnow,0.0066650183871388435
669211,0,0.01931747,1,xgboost_enhanced_fitnow,0.0066650183871388435
682842,0,0.018862074,1,xgboost_enhanced_fitnow,0.0066650183871388435
642545,1,0.018416028,1,xgboost_enhanced_fitnow,0.0066650183871388435
571760,0,0.018316083,1,xgboost_enhanced_fitnow,0.0066650183871388435
686933,0,0.018113384,1,xgboost_enhanced_fitnow,0.0066650183871388435
668338,0,0.01792494,1,xgboost_enhanced_fitnow,0.0066650183871388435
681867,0,0.017674152,1,xgboost_enhanced_fitnow,0.0066650183871388435
656412,0,0.017411131,1,xgboost_enhanced_fitnow,0.0066650183871388435
687424,0,0.01737244,1,xgboost_enhanced_fitnow,0.0066650183871388435
660906,0,0.016930247,1,xgboost_enhanced_fitnow,0.0066650183871388435
676272,0,0.016516035,1,xgboost_enhanced_fitnow,0.0066650183871388435
621366,0,0.01640438,1,xgboost_enhanced_fitnow,0.0066650183871388435
592866,0,0.016331071,1,xgboost_enhanced_fitnow,0.0066650183871388435
657277,0,0.01619971,1,xgboost_enhanced_fitnow,0.0066650183871388435
446372,0,0.015775533,1,xgboost_enhanced_fitnow,0.0066650183871388435
645444,0,0.015657702,1,xgboost_enhanced_fitnow,0.0066650183871388435
657140,0,0.015334257,1,xgboost_enhanced_fitnow,0.0066650183871388435
453178,0,0.014840674,1,xgboost_enhanced_fitnow,0.0066650183871388435
682120,0,0.014728552,1,xgboost_enhanced_fitnow,0.0066650183871388435
502043,0,0.014692986,1,xgboost_enhanced_fitnow,0.0066650183871388435
681892,0,0.014502052,1,xgboost_enhanced_fitnow,0.0066650183871388435
696147,1,0.014088522,1,xgboost_enhanced_fitnow,0.0066650183871388435
592332,0,0.014035396,1,xgboost_enhanced_fitnow,0.0066650183871388435
694037,0,0.0134091405,1,xgboost_enhanced_fitnow,0.0066650183871388435
675640,0,0.01335917,1,xgboost_enhanced_fitnow,0.0066650183871388435
663992,0,0.013111081,1,xgboost_enhanced_fitnow,0.0066650183871388435
667427,0,0.013033641,1,xgboost_enhanced_fitnow,0.0066650183871388435
656557,0,0.012767125,1,xgboost_enhanced_fitnow,0.0066650183871388435
596133,0,0.01264524,1,xgboost_enhanced_fitnow,0.0066650183871388435
670097,0,0.012606394,1,xgboost_enhanced_fitnow,0.0066650183871388435
682847,0,0.012596551,1,xgboost_enhanced_fitnow,0.0066650183871388435
621107,0,0.012342185,1,xgboost_enhanced_fitnow,0.0066650183871388435
666168,0,0.011823311,1,xgboost_enhanced_fitnow,0.0066650183871388435
668754,0,0.011635806,1,xgboost_enhanced_fitnow,0.0066650183871388435
605483,0,0.011614582,1,xgboost_enhanced_fitnow,0.0066650183871388435
686539,0,0.011511665,1,xgboost_enhanced_fitnow,0.0066650183871388435
541640,0,0.011263519,1,xgboost_enhanced_fitnow,0.0066650183871388435
701643,0,0.011004844,1,xgboost_enhanced_fitnow,0.0066650183871388435
663546,0,0.01094337,1,xgboost_enhanced_fitnow,0.0066650183871388435
676475,0,0.010639086,1,xgboost_enhanced_fitnow,0.0066650183871388435
592791,0,0.010524571,1,xgboost_enhanced_fitnow,0.0066650183871388435
671096,0,0.010403335,1,xgboost_enhanced_fitnow,0.0066650183871388435
687330,0,0.010356758,1,xgboost_enhanced_fitnow,0.0066650183871388435
694297,0,0.00997001,1,xgboost_enhanced_fitnow,0.0066650183871388435
682227,0,0.009667847,1,xgboost_enhanced_fitnow,0.0066650183871388435
630023,0,0.009641745,1,xgboost_enhanced_fitnow,0.0066650183871388435
643493,0,0.009619827,1,xgboost_enhanced_fitnow,0.0066650183871388435
663629,0,0.009506039,1,xgboost_enhanced_fitnow,0.0066650183871388435
677053,0,0.009503472,1,xgboost_enhanced_fitnow,0.0066650183871388435
681948,0,0.009435925,1,xgboost_enhanced_fitnow,0.0066650183871388435
596295,0,0.008802068,1,xgboost_enhanced_fitnow,0.0066650183871388435
458681,0,0.008554666,1,xgboost_enhanced_fitnow,0.0066650183871388435
682175,0,0.008506021,1,xgboost_enhanced_fitnow,0.0066650183871388435
656353,0,0.008456999,1,xgboost_enhanced_fitnow,0.0066650183871388435
543243,0,0.00838893,1,xgboost_enhanced_fitnow,0.0066650183871388435
642100,0,0.008283102,1,xgboost_enhanced_fitnow,0.0066650183871388435
593958,0,0.008189176,1,xgboost_enhanced_fitnow,0.0066650183871388435
621076,0,0.0081243245,1,xgboost_enhanced_fitnow,0.0066650183871388435
670124,0,0.007849269,1,xgboost_enhanced_fitnow,0.0066650183871388435
675627,0,0.007812732,1,xgboost_enhanced_fitnow,0.0066650183871388435
681807,0,0.007785566,1,xgboost_enhanced_fitnow,0.0066650183871388435
641745,0,0.007499354,1,xgboost_enhanced_fitnow,0.0066650183871388435
592836,0,0.007377878,1,xgboost_enhanced_fitnow,0.0066650183871388435
664942,0,0.0072296727,1,xgboost_enhanced_fitnow,0.0066650183871388435
572193,1,0.0071173836,1,xgboost_enhanced_fitnow,0.0066650183871388435
681857,0,0.007002923,1,xgboost_enhanced_fitnow,0.0066650183871388435
676709,0,0.006879427,1,xgboost_enhanced_fitnow,0.0066650183871388435
675540,0,0.006782286,1,xgboost_enhanced_fitnow,0.0066650183871388435
519043,1,0.006776378,1,xgboost_enhanced_fitnow,0.0066650183871388435
683769,0,0.006679012,1,xgboost_enhanced_fitnow,0.0066650183871388435
663776,1,0.0066650184,1,xgboost_enhanced_fitnow,0.0066650183871388435
669947,0,0.0066091125,0,xgboost_enhanced_fitnow,0.0066650183871388435
663878,0,0.006524576,0,xgboost_enhanced_fitnow,0.0066650183871388435
693312,0,0.0065138163,0,xgboost_enhanced_fitnow,0.0066650183871388435
676680,0,0.0064153974,0,xgboost_enhanced_fitnow,0.0066650183871388435
571710,0,0.0063198064,0,xgboost_enhanced_fitnow,0.0066650183871388435
663773,0,0.006079651,0,xgboost_enhanced_fitnow,0.0066650183871388435
570666,0,0.0059423423,0,xgboost_enhanced_fitnow,0.0066650183871388435
669467,0,0.005891714,0,xgboost_enhanced_fitnow,0.0066650183871388435
681882,0,0.0058586774,0,xgboost_enhanced_fitnow,0.0066650183871388435
664129,0,0.005791569,0,xgboost_enhanced_fitnow,0.0066650183871388435
592346,0,0.005696976,0,xgboost_enhanced_fitnow,0.0066650183871388435
453286,0,0.005655302,0,xgboost_enhanced_fitnow,0.0066650183871388435
668834,0,0.0055424715,0,xgboost_enhanced_fitnow,0.0066650183871388435
592826,0,0.0055346317,0,xgboost_enhanced_fitnow,0.0066650183871388435
657053,0,0.0054943217,0,xgboost_enhanced_fitnow,0.0066650183871388435
641816,0,0.0053897053,0,xgboost_enhanced_fitnow,0.0066650183871388435
656234,0,0.0053879116,0,xgboost_enhanced_fitnow,0.0066650183871388435
682171,0,0.005331118,0,xgboost_enhanced_fitnow,0.0066650183871388435
595411,0,0.005239766,0,xgboost_enhanced_fitnow,0.0066650183871388435
502624,0,0.005219388,0,xgboost_enhanced_fitnow,0.0066650183871388435
657514,0,0.005214955,0,xgboost_enhanced_fitnow,0.0066650183871388435
681897,0,0.0051279725,0,xgboost_enhanced_fitnow,0.0066650183871388435
656222,0,0.005099743,0,xgboost_enhanced_fitnow,0.0066650183871388435
678371,0,0.0050284425,0,xgboost_enhanced_fitnow,0.0066650183871388435
682967,0,0.004943926,0,xgboost_enhanced_fitnow,0.0066650183871388435
543135,0,0.0048850463,0,xgboost_enhanced_fitnow,0.0066650183871388435
683232,0,0.004876315,0,xgboost_enhanced_fitnow,0.0066650183871388435
691109,0,0.0047802534,0,xgboost_enhanced_fitnow,0.0066650183871388435
663385,0,0.004763916,0,xgboost_enhanced_fitnow,0.0066650183871388435
669203,0,0.0046992577,0,xgboost_enhanced_fitnow,0.0066650183871388435
656814,0,0.004681294,0,xgboost_enhanced_fitnow,0.0066650183871388435
608717,0,0.004651263,0,xgboost_enhanced_fitnow,0.0066650183871388435
527048,0,0.0045970134,0,xgboost_enhanced_fitnow,0.0066650183871388435
676961,0,0.0045751324,0,xgboost_enhanced_fitnow,0.0066650183871388435
672851,0,0.0045411643,0,xgboost_enhanced_fitnow,0.0066650183871388435
642758,0,0.004500022,0,xgboost_enhanced_fitnow,0.0066650183871388435
676710,0,0.0044620126,0,xgboost_enhanced_fitnow,0.0066650183871388435
615698,0,0.004401467,0,xgboost_enhanced_fitnow,0.0066650183871388435
679525,0,0.0041696485,0,xgboost_enhanced_fitnow,0.0066650183871388435
669456,0,0.00415548,0,xgboost_enhanced_fitnow,0.0066650183871388435
646242,0,0.004108725,0,xgboost_enhanced_fitnow,0.0066650183871388435
701719,0,0.0040485505,0,xgboost_enhanced_fitnow,0.0066650183871388435
685314,0,0.00396992,0,xgboost_enhanced_fitnow,0.0066650183871388435
682027,0,0.003943395,0,xgboost_enhanced_fitnow,0.0066650183871388435
621249,0,0.0038792586,0,xgboost_enhanced_fitnow,0.0066650183871388435
682010,0,0.0038006592,0,xgboost_enhanced_fitnow,0.0066650183871388435
543475,0,0.0037789643,0,xgboost_enhanced_fitnow,0.0066650183871388435
571882,0,0.003750133,0,xgboost_enhanced_fitnow,0.0066650183871388435
643396,0,0.0037484197,0,xgboost_enhanced_fitnow,0.0066650183871388435
674370,0,0.0037471254,0,xgboost_enhanced_fitnow,0.0066650183871388435
607625,0,0.0036932388,0,xgboost_enhanced_fitnow,0.0066650183871388435
664353,0,0.0036645026,0,xgboost_enhanced_fitnow,0.0066650183871388435
650671,1,0.0036547831,0,xgboost_enhanced_fitnow,0.0066650183871388435
605498,0,0.0035828585,0,xgboost_enhanced_fitnow,0.0066650183871388435
518876,0,0.0035207374,0,xgboost_enhanced_fitnow,0.0066650183871388435
571578,0,0.003503933,0,xgboost_enhanced_fitnow,0.0066650183871388435
472551,0,0.003474674,0,xgboost_enhanced_fitnow,0.0066650183871388435
641793,0,0.0034297016,0,xgboost_enhanced_fitnow,0.0066650183871388435
622569,0,0.0033516546,0,xgboost_enhanced_fitnow,0.0066650183871388435
543339,0,0.003338687,0,xgboost_enhanced_fitnow,0.0066650183871388435
608665,0,0.0033136632,0,xgboost_enhanced_fitnow,0.0066650183871388435
642546,0,0.0032876984,0,xgboost_enhanced_fitnow,0.0066650183871388435
683175,0,0.0032829656,0,xgboost_enhanced_fitnow,0.0066650183871388435
680983,0,0.0032631925,0,xgboost_enhanced_fitnow,0.0066650183871388435
668933,0,0.0032138512,0,xgboost_enhanced_fitnow,0.0066650183871388435
641427,0,0.0031876613,0,xgboost_enhanced_fitnow,0.0066650183871388435
656794,0,0.0031830373,0,xgboost_enhanced_fitnow,0.0066650183871388435
681806,0,0.0031827334,0,xgboost_enhanced_fitnow,0.0066650183871388435
680686,0,0.0031604955,0,xgboost_enhanced_fitnow,0.0066650183871388435
672578,0,0.003128109,0,xgboost_enhanced_fitnow,0.0066650183871388435
663562,0,0.0031183877,0,xgboost_enhanced_fitnow,0.0066650183871388435
666205,0,0.0030417703,0,xgboost_enhanced_fitnow,0.0066650183871388435
674072,0,0.0030405934,0,xgboost_enhanced_fitnow,0.0066650183871388435
682990,0,0.0030358357,0,xgboost_enhanced_fitnow,0.0066650183871388435
675911,0,0.003031404,0,xgboost_enhanced_fitnow,0.0066650183871388435
686747,0,0.003024844,0,xgboost_enhanced_fitnow,0.0066650183871388435
669022,0,0.0030236752,0,xgboost_enhanced_fitnow,0.0066650183871388435
657044,0,0.0029968482,0,xgboost_enhanced_fitnow,0.0066650183871388435
668665,0,0.002945104,0,xgboost_enhanced_fitnow,0.0066650183871388435
666204,0,0.0028723122,0,xgboost_enhanced_fitnow,0.0066650183871388435
448179,0,0.002865459,0,xgboost_enhanced_fitnow,0.0066650183871388435
690345,0,0.0028626728,0,xgboost_enhanced_fitnow,0.0066650183871388435
488984,0,0.0028389492,0,xgboost_enhanced_fitnow,0.0066650183871388435
593833,0,0.0028351436,0,xgboost_enhanced_fitnow,0.0066650183871388435
573204,0,0.0028337934,0,xgboost_enhanced_fitnow,0.0066650183871388435
669912,0,0.002812626,0,xgboost_enhanced_fitnow,0.0066650183871388435
670032,0,0.0027767862,0,xgboost_enhanced_fitnow,0.0066650183871388435
641154,0,0.0027025202,0,xgboost_enhanced_fitnow,0.0066650183871388435
663362,0,0.0026568295,0,xgboost_enhanced_fitnow,0.0066650183871388435
656756,0,0.0025978473,0,xgboost_enhanced_fitnow,0.0066650183871388435
676130,0,0.0025801042,0,xgboost_enhanced_fitnow,0.0066650183871388435
669618,0,0.0025673953,0,xgboost_enhanced_fitnow,0.0066650183871388435
544727,0,0.0025494047,0,xgboost_enhanced_fitnow,0.0066650183871388435
668873,0,0.0025436517,0,xgboost_enhanced_fitnow,0.0066650183871388435
665048,0,0.0025262043,0,xgboost_enhanced_fitnow,0.0066650183871388435
656427,0,0.002519995,0,xgboost_enhanced_fitnow,0.0066650183871388435
669424,0,0.0025126524,0,xgboost_enhanced_fitnow,0.0066650183871388435
596271,0,0.0024878583,0,xgboost_enhanced_fitnow,0.0066650183871388435
456501,0,0.0024495197,0,xgboost_enhanced_fitnow,0.0066650183871388435
594577,0,0.0024454938,0,xgboost_enhanced_fitnow,0.0066650183871388435
663432,0,0.0024424095,0,xgboost_enhanced_fitnow,0.0066650183871388435
572703,0,0.002426412,0,xgboost_enhanced_fitnow,0.0066650183871388435
543351,0,0.0023936238,0,xgboost_enhanced_fitnow,0.0066650183871388435
676702,0,0.0023933928,0,xgboost_enhanced_fitnow,0.0066650183871388435
687145,0,0.0023897078,0,xgboost_enhanced_fitnow,0.0066650183871388435
502179,0,0.0023886792,0,xgboost_enhanced_fitnow,0.0066650183871388435
672335,0,0.002369599,0,xgboost_enhanced_fitnow,0.0066650183871388435
674285,0,0.00236599,0,xgboost_enhanced_fitnow,0.0066650183871388435
682051,0,0.0023555828,0,xgboost_enhanced_fitnow,0.0066650183871388435
489119,0,0.0023422865,0,xgboost_enhanced_fitnow,0.0066650183871388435
669684,0,0.0023257623,0,xgboost_enhanced_fitnow,0.0066650183871388435
598264,0,0.002315525,0,xgboost_enhanced_fitnow,0.0066650183871388435
683155,0,0.0022926212,0,xgboost_enhanced_fitnow,0.0066650183871388435
664299,0,0.002290086,0,xgboost_enhanced_fitnow,0.0066650183871388435
642216,0,0.0022795224,0,xgboost_enhanced_fitnow,0.0066650183871388435
686752,0,0.002272188,0,xgboost_enhanced_fitnow,0.0066650183871388435
640455,0,0.0022520144,0,xgboost_enhanced_fitnow,0.0066650183871388435
641585,0,0.0022348366,0,xgboost_enhanced_fitnow,0.0066650183871388435
669923,0,0.0022302247,0,xgboost_enhanced_fitnow,0.0066650183871388435
677161,0,0.0022056345,0,xgboost_enhanced_fitnow,0.0066650183871388435
686218,0,0.002192607,0,xgboost_enhanced_fitnow,0.0066650183871388435
679885,0,0.0021829917,0,xgboost_enhanced_fitnow,0.0066650183871388435
686826,0,0.0021716706,0,xgboost_enhanced_fitnow,0.0066650183871388435
676760,0,0.0021589058,0,xgboost_enhanced_fitnow,0.0066650183871388435
663941,0,0.0021433001,0,xgboost_enhanced_fitnow,0.0066650183871388435
676714,0,0.0021396168,0,xgboost_enhanced_fitnow,0.0066650183871388435
689225,0,0.002119259,0,xgboost_enhanced_fitnow,0.0066650183871388435
656354,0,0.0021117637,0,xgboost_enhanced_fitnow,0.0066650183871388435
571656,0,0.0020876008,0,xgboost_enhanced_fitnow,0.0066650183871388435
669194,0,0.002086532,0,xgboost_enhanced_fitnow,0.0066650183871388435
686610,0,0.0020823702,0,xgboost_enhanced_fitnow,0.0066650183871388435
672710,0,0.0020811735,0,xgboost_enhanced_fitnow,0.0066650183871388435
543101,0,0.0020489048,0,xgboost_enhanced_fitnow,0.0066650183871388435
519008,0,0.0020424393,0,xgboost_enhanced_fitnow,0.0066650183871388435
500779,0,0.0020230503,0,xgboost_enhanced_fitnow,0.0066650183871388435
425794,0,0.0019947763,0,xgboost_enhanced_fitnow,0.0066650183871388435
623474,0,0.0019900505,0,xgboost_enhanced_fitnow,0.0066650183871388435
641360,0,0.0019830207,0,xgboost_enhanced_fitnow,0.0066650183871388435
622491,0,0.0019651907,0,xgboost_enhanced_fitnow,0.0066650183871388435
669093,0,0.0019480453,0,xgboost_enhanced_fitnow,0.0066650183871388435
570632,0,0.0019404312,0,xgboost_enhanced_fitnow,0.0066650183871388435
669391,0,0.0019350271,0,xgboost_enhanced_fitnow,0.0066650183871388435
640444,0,0.001930915,0,xgboost_enhanced_fitnow,0.0066650183871388435
663567,0,0.0019271016,0,xgboost_enhanced_fitnow,0.0066650183871388435
669084,0,0.0019234492,0,xgboost_enhanced_fitnow,0.0066650183871388435
641627,0,0.0018991703,0,xgboost_enhanced_fitnow,0.0066650183871388435
663903,0,0.001891871,0,xgboost_enhanced_fitnow,0.0066650183871388435
570257,0,0.0018858972,0,xgboost_enhanced_fitnow,0.0066650183871388435
607755,0,0.0018853802,0,xgboost_enhanced_fitnow,0.0066650183871388435
657097,0,0.0018711764,0,xgboost_enhanced_fitnow,0.0066650183871388435
628711,0,0.0018616219,0,xgboost_enhanced_fitnow,0.0066650183871388435
605446,0,0.0018289856,0,xgboost_enhanced_fitnow,0.0066650183871388435
545343,0,0.0018162524,0,xgboost_enhanced_fitnow,0.0066650183871388435
666785,0,0.0018095693,0,xgboost_enhanced_fitnow,0.0066650183871388435
548389,0,0.0017929571,0,xgboost_enhanced_fitnow,0.0066650183871388435
680570,0,0.001785308,0,xgboost_enhanced_fitnow,0.0066650183871388435
643410,0,0.001776159,0,xgboost_enhanced_fitnow,0.0066650183871388435
668970,0,0.0017664294,0,xgboost_enhanced_fitnow,0.0066650183871388435
656232,0,0.0017611309,0,xgboost_enhanced_fitnow,0.0066650183871388435
657697,0,0.0017480354,0,xgboost_enhanced_fitnow,0.0066650183871388435
623451,0,0.001747636,0,xgboost_enhanced_fitnow,0.0066650183871388435
670970,0,0.001735782,0,xgboost_enhanced_fitnow,0.0066650183871388435
686654,0,0.0016930383,0,xgboost_enhanced_fitnow,0.0066650183871388435
657265,0,0.0016903944,0,xgboost_enhanced_fitnow,0.0066650183871388435
605135,0,0.0016860858,0,xgboost_enhanced_fitnow,0.0066650183871388435
686613,0,0.0016846627,0,xgboost_enhanced_fitnow,0.0066650183871388435
624133,0,0.0016547462,0,xgboost_enhanced_fitnow,0.0066650183871388435
543507,0,0.0016534163,0,xgboost_enhanced_fitnow,0.0066650183871388435
664849,0,0.0016525892,0,xgboost_enhanced_fitnow,0.0066650183871388435
622251,0,0.0016417383,0,xgboost_enhanced_fitnow,0.0066650183871388435
689690,0,0.0016179504,0,xgboost_enhanced_fitnow,0.0066650183871388435
624647,0,0.001602642,0,xgboost_enhanced_fitnow,0.0066650183871388435
656290,0,0.001575512,0,xgboost_enhanced_fitnow,0.0066650183871388435
656820,0,0.0015721786,0,xgboost_enhanced_fitnow,0.0066650183871388435
519242,0,0.0015486844,0,xgboost_enhanced_fitnow,0.0066650183871388435
650633,0,0.0015463408,0,xgboost_enhanced_fitnow,0.0066650183871388435
456713,0,0.0015457033,0,xgboost_enhanced_fitnow,0.0066650183871388435
674444,0,0.001543301,0,xgboost_enhanced_fitnow,0.0066650183871388435
607188,0,0.001532366,0,xgboost_enhanced_fitnow,0.0066650183871388435
680735,0,0.0015202529,0,xgboost_enhanced_fitnow,0.0066650183871388435
676726,0,0.0015148758,0,xgboost_enhanced_fitnow,0.0066650183871388435
543518,0,0.0015089113,0,xgboost_enhanced_fitnow,0.0066650183871388435
690829,1,0.0015081723,0,xgboost_enhanced_fitnow,0.0066650183871388435
670280,0,0.0015031941,0,xgboost_enhanced_fitnow,0.0066650183871388435
656986,0,0.001500795,0,xgboost_enhanced_fitnow,0.0066650183871388435
621363,0,0.0014841266,0,xgboost_enhanced_fitnow,0.0066650183871388435
542881,1,0.0014751687,0,xgboost_enhanced_fitnow,0.0066650183871388435
621383,0,0.0014679597,0,xgboost_enhanced_fitnow,0.0066650183871388435
681603,0,0.0014608573,0,xgboost_enhanced_fitnow,0.0066650183871388435
657746,0,0.0014576598,0,xgboost_enhanced_fitnow,0.0066650183871388435
476595,0,0.0014402728,0,xgboost_enhanced_fitnow,0.0066650183871388435
663738,0,0.0014350456,0,xgboost_enhanced_fitnow,0.0066650183871388435
425844,0,0.0014249382,0,xgboost_enhanced_fitnow,0.0066650183871388435
650911,0,0.0014168844,0,xgboost_enhanced_fitnow,0.0066650183871388435
689266,0,0.0014088751,0,xgboost_enhanced_fitnow,0.0066650183871388435
676664,0,0.0014085859,0,xgboost_enhanced_fitnow,0.0066650183871388435
676083,0,0.0014022493,0,xgboost_enhanced_fitnow,0.0066650183871388435
675916,0,0.0013817461,0,xgboost_enhanced_fitnow,0.0066650183871388435
641927,0,0.0013595594,0,xgboost_enhanced_fitnow,0.0066650183871388435
608331,0,0.0013567164,0,xgboost_enhanced_fitnow,0.0066650183871388435
672391,0,0.0013542804,0,xgboost_enhanced_fitnow,0.0066650183871388435
681895,0,0.0013531941,0,xgboost_enhanced_fitnow,0.0066650183871388435
680742,0,0.0013484046,0,xgboost_enhanced_fitnow,0.0066650183871388435
547179,0,0.0013397033,0,xgboost_enhanced_fitnow,0.0066650183871388435
666142,0,0.0013355827,0,xgboost_enhanced_fitnow,0.0066650183871388435
664028,0,0.0013351184,0,xgboost_enhanced_fitnow,0.0066650183871388435
592527,0,0.0013266375,0,xgboost_enhanced_fitnow,0.0066650183871388435
676632,0,0.0013210191,0,xgboost_enhanced_fitnow,0.0066650183871388435
592222,0,0.0013193821,0,xgboost_enhanced_fitnow,0.0066650183871388435
656322,0,0.0012951844,0,xgboost_enhanced_fitnow,0.0066650183871388435
601713,0,0.0012936224,0,xgboost_enhanced_fitnow,0.0066650183871388435
647336,0,0.001277453,0,xgboost_enhanced_fitnow,0.0066650183871388435
657376,0,0.0012762607,0,xgboost_enhanced_fitnow,0.0066650183871388435
681810,1,0.0012715269,0,xgboost_enhanced_fitnow,0.0066650183871388435
642547,0,0.0012680847,0,xgboost_enhanced_fitnow,0.0066650183871388435
670174,0,0.0012469355,0,xgboost_enhanced_fitnow,0.0066650183871388435
656266,0,0.0012434686,0,xgboost_enhanced_fitnow,0.0066650183871388435
678394,0,0.001242308,0,xgboost_enhanced_fitnow,0.0066650183871388435
620454,0,0.0012368932,0,xgboost_enhanced_fitnow,0.0066650183871388435
668470,0,0.0012342781,0,xgboost_enhanced_fitnow,0.0066650183871388435
547973,0,0.0012303859,0,xgboost_enhanced_fitnow,0.0066650183871388435
642048,0,0.0012256819,0,xgboost_enhanced_fitnow,0.0066650183871388435
656629,0,0.0012250107,0,xgboost_enhanced_fitnow,0.0066650183871388435
660787,0,0.0012246852,0,xgboost_enhanced_fitnow,0.0066650183871388435
607359,0,0.0012218824,0,xgboost_enhanced_fitnow,0.0066650183871388435
664199,0,0.0012162032,0,xgboost_enhanced_fitnow,0.0066650183871388435
489265,0,0.0011994576,0,xgboost_enhanced_fitnow,0.0066650183871388435
519293,0,0.0011943898,0,xgboost_enhanced_fitnow,0.0066650183871388435
685126,0,0.0011732493,0,xgboost_enhanced_fitnow,0.0066650183871388435
675989,0,0.0011731829,0,xgboost_enhanced_fitnow,0.0066650183871388435
622766,0,0.0011557246,0,xgboost_enhanced_fitnow,0.0066650183871388435
670167,0,0.001152453,0,xgboost_enhanced_fitnow,0.0066650183871388435
681402,0,0.0011500152,0,xgboost_enhanced_fitnow,0.0066650183871388435
670059,0,0.0011390542,0,xgboost_enhanced_fitnow,0.0066650183871388435
543901,0,0.0011244591,0,xgboost_enhanced_fitnow,0.0066650183871388435
607732,0,0.0011238181,0,xgboost_enhanced_fitnow,0.0066650183871388435
593576,0,0.0011179348,0,xgboost_enhanced_fitnow,0.0066650183871388435
608344,0,0.0011138486,0,xgboost_enhanced_fitnow,0.0066650183871388435
687312,0,0.0011125682,0,xgboost_enhanced_fitnow,0.0066650183871388435
445926,0,0.0011102034,0,xgboost_enhanced_fitnow,0.0066650183871388435
621074,0,0.0011094871,0,xgboost_enhanced_fitnow,0.0066650183871388435
592229,0,0.0010872942,0,xgboost_enhanced_fitnow,0.0066650183871388435
678226,0,0.001070875,0,xgboost_enhanced_fitnow,0.0066650183871388435
669270,0,0.001055835,0,xgboost_enhanced_fitnow,0.0066650183871388435
622503,0,0.0010424565,0,xgboost_enhanced_fitnow,0.0066650183871388435
608334,0,0.0010406402,0,xgboost_enhanced_fitnow,0.0066650183871388435
663321,0,0.0010377098,0,xgboost_enhanced_fitnow,0.0066650183871388435
596001,0,0.0010339051,0,xgboost_enhanced_fitnow,0.0066650183871388435
687871,0,0.0010312948,0,xgboost_enhanced_fitnow,0.0066650183871388435
663989,0,0.0010241634,0,xgboost_enhanced_fitnow,0.0066650183871388435
621368,0,0.0010218892,0,xgboost_enhanced_fitnow,0.0066650183871388435
606965,1,0.0010097519,0,xgboost_enhanced_fitnow,0.0066650183871388435
666159,0,0.0010011246,0,xgboost_enhanced_fitnow,0.0066650183871388435
679777,0,0.0009992417,0,xgboost_enhanced_fitnow,0.0066650183871388435
696275,0,0.0009956914,0,xgboost_enhanced_fitnow,0.0066650183871388435
607216,0,0.0009955016,0,xgboost_enhanced_fitnow,0.0066650183871388435
686839,0,0.0009944745,0,xgboost_enhanced_fitnow,0.0066650183871388435
668984,0,0.0009822395,0,xgboost_enhanced_fitnow,0.0066650183871388435
571863,0,0.0009814393,0,xgboost_enhanced_fitnow,0.0066650183871388435
657585,0,0.0009788073,0,xgboost_enhanced_fitnow,0.0066650183871388435
621057,0,0.00096915435,0,xgboost_enhanced_fitnow,0.0066650183871388435
701151,0,0.0009666014,0,xgboost_enhanced_fitnow,0.0066650183871388435
673540,0,0.00096155,0,xgboost_enhanced_fitnow,0.0066650183871388435
687830,0,0.0009556527,0,xgboost_enhanced_fitnow,0.0066650183871388435
657093,0,0.0009520734,0,xgboost_enhanced_fitnow,0.0066650183871388435
641501,0,0.0009406498,0,xgboost_enhanced_fitnow,0.0066650183871388435
656731,0,0.00094044954,0,xgboost_enhanced_fitnow,0.0066650183871388435
660261,0,0.00093757233,0,xgboost_enhanced_fitnow,0.0066650183871388435
647315,0,0.00093463843,0,xgboost_enhanced_fitnow,0.0066650183871388435
663623,0,0.00093347783,0,xgboost_enhanced_fitnow,0.0066650183871388435
681217,1,0.0009241654,0,xgboost_enhanced_fitnow,0.0066650183871388435
670712,0,0.00091815373,0,xgboost_enhanced_fitnow,0.0066650183871388435
491624,0,0.0009096417,0,xgboost_enhanced_fitnow,0.0066650183871388435
650893,0,0.00090703834,0,xgboost_enhanced_fitnow,0.0066650183871388435
579328,0,0.00090608693,0,xgboost_enhanced_fitnow,0.0066650183871388435
668683,0,0.0009059168,0,xgboost_enhanced_fitnow,0.0066650183871388435
623167,0,0.00090158376,0,xgboost_enhanced_fitnow,0.0066650183871388435
641447,0,0.00089282054,0,xgboost_enhanced_fitnow,0.0066650183871388435
677960,0,0.0008876201,0,xgboost_enhanced_fitnow,0.0066650183871388435
663542,0,0.0008851848,0,xgboost_enhanced_fitnow,0.0066650183871388435
571945,0,0.00087158487,0,xgboost_enhanced_fitnow,0.0066650183871388435
625643,0,0.0008694775,0,xgboost_enhanced_fitnow,0.0066650183871388435
671345,0,0.0008621291,0,xgboost_enhanced_fitnow,0.0066650183871388435
656349,0,0.00085682597,0,xgboost_enhanced_fitnow,0.0066650183871388435
489446,0,0.00085659005,0,xgboost_enhanced_fitnow,0.0066650183871388435
450203,0,0.0008550688,0,xgboost_enhanced_fitnow,0.0066650183871388435
661440,0,0.00084340706,0,xgboost_enhanced_fitnow,0.0066650183871388435
693821,0,0.00083886774,0,xgboost_enhanced_fitnow,0.0066650183871388435
641778,0,0.00083879346,0,xgboost_enhanced_fitnow,0.0066650183871388435
675921,0,0.00083436765,0,xgboost_enhanced_fitnow,0.0066650183871388435
695243,0,0.00083241373,0,xgboost_enhanced_fitnow,0.0066650183871388435
700363,0,0.0008253165,0,xgboost_enhanced_fitnow,0.0066650183871388435
694813,0,0.0008194408,0,xgboost_enhanced_fitnow,0.0066650183871388435
672911,0,0.00081593497,0,xgboost_enhanced_fitnow,0.0066650183871388435
650644,0,0.0008107102,0,xgboost_enhanced_fitnow,0.0066650183871388435
663506,0,0.00080936786,0,xgboost_enhanced_fitnow,0.0066650183871388435
518516,0,0.0007994088,0,xgboost_enhanced_fitnow,0.0066650183871388435
672715,0,0.00079646695,0,xgboost_enhanced_fitnow,0.0066650183871388435
621051,0,0.0007964316,0,xgboost_enhanced_fitnow,0.0066650183871388435
666207,0,0.0007921892,0,xgboost_enhanced_fitnow,0.0066650183871388435
608648,0,0.00079050526,0,xgboost_enhanced_fitnow,0.0066650183871388435
605288,0,0.000788663,0,xgboost_enhanced_fitnow,0.0066650183871388435
607259,0,0.00078684156,0,xgboost_enhanced_fitnow,0.0066650183871388435
689172,0,0.00077624863,0,xgboost_enhanced_fitnow,0.0066650183871388435
642397,0,0.00076940365,0,xgboost_enhanced_fitnow,0.0066650183871388435
687922,0,0.00076662033,0,xgboost_enhanced_fitnow,0.0066650183871388435
665795,0,0.00076515594,0,xgboost_enhanced_fitnow,0.0066650183871388435
640451,0,0.0007649157,0,xgboost_enhanced_fitnow,0.0066650183871388435
664141,0,0.000764059,0,xgboost_enhanced_fitnow,0.0066650183871388435
543766,0,0.0007611913,0,xgboost_enhanced_fitnow,0.0066650183871388435
801389,0,0.0007565197,0,xgboost_enhanced_fitnow,0.0066650183871388435
676534,0,0.000752674,0,xgboost_enhanced_fitnow,0.0066650183871388435
691828,0,0.0007427453,0,xgboost_enhanced_fitnow,0.0066650183871388435
676050,0,0.0007344965,0,xgboost_enhanced_fitnow,0.0066650183871388435
694363,0,0.0007278249,0,xgboost_enhanced_fitnow,0.0066650183871388435
669212,0,0.0007245872,0,xgboost_enhanced_fitnow,0.0066650183871388435
621016,0,0.0007210799,0,xgboost_enhanced_fitnow,0.0066650183871388435
697813,0,0.0007139174,0,xgboost_enhanced_fitnow,0.0066650183871388435
672810,0,0.000712354,0,xgboost_enhanced_fitnow,0.0066650183871388435
670036,0,0.00071185146,0,xgboost_enhanced_fitnow,0.0066650183871388435
656981,0,0.0007101873,0,xgboost_enhanced_fitnow,0.0066650183871388435
670871,0,0.0007075813,0,xgboost_enhanced_fitnow,0.0066650183871388435
543521,0,0.00070619024,0,xgboost_enhanced_fitnow,0.0066650183871388435
682448,0,0.00070473365,0,xgboost_enhanced_fitnow,0.0066650183871388435
622663,0,0.0007031377,0,xgboost_enhanced_fitnow,0.0066650183871388435
667421,0,0.0007020516,0,xgboost_enhanced_fitnow,0.0066650183871388435
680689,0,0.00069352216,0,xgboost_enhanced_fitnow,0.0066650183871388435
666818,0,0.00068899145,0,xgboost_enhanced_fitnow,0.0066650183871388435
663460,0,0.0006830117,0,xgboost_enhanced_fitnow,0.0066650183871388435
650895,0,0.00068066333,0,xgboost_enhanced_fitnow,0.0066650183871388435
691587,0,0.00067733944,0,xgboost_enhanced_fitnow,0.0066650183871388435
607192,0,0.0006716352,0,xgboost_enhanced_fitnow,0.0066650183871388435
641712,0,0.00066494045,0,xgboost_enhanced_fitnow,0.0066650183871388435
663474,0,0.0006641561,0,xgboost_enhanced_fitnow,0.0066650183871388435
642028,0,0.00066144275,0,xgboost_enhanced_fitnow,0.0066650183871388435
606149,0,0.00065854803,0,xgboost_enhanced_fitnow,0.0066650183871388435
666129,0,0.0006576972,0,xgboost_enhanced_fitnow,0.0066650183871388435
523260,0,0.0006569793,0,xgboost_enhanced_fitnow,0.0066650183871388435
681753,0,0.00065565883,0,xgboost_enhanced_fitnow,0.0066650183871388435
642701,0,0.0006552238,0,xgboost_enhanced_fitnow,0.0066650183871388435
688427,0,0.0006551919,0,xgboost_enhanced_fitnow,0.0066650183871388435
643361,0,0.0006527341,0,xgboost_enhanced_fitnow,0.0066650183871388435
542888,0,0.00065244734,0,xgboost_enhanced_fitnow,0.0066650183871388435
657006,0,0.00064857595,0,xgboost_enhanced_fitnow,0.0066650183871388435
656382,0,0.0006453496,0,xgboost_enhanced_fitnow,0.0066650183871388435
664139,0,0.00064520293,0,xgboost_enhanced_fitnow,0.0066650183871388435
686730,0,0.0006450877,0,xgboost_enhanced_fitnow,0.0066650183871388435
571948,0,0.0006360615,0,xgboost_enhanced_fitnow,0.0066650183871388435
687856,0,0.0006335579,0,xgboost_enhanced_fitnow,0.0066650183871388435
686608,0,0.00063038553,0,xgboost_enhanced_fitnow,0.0066650183871388435
669160,0,0.00062978384,0,xgboost_enhanced_fitnow,0.0066650183871388435
659275,0,0.00062927953,0,xgboost_enhanced_fitnow,0.0066650183871388435
605195,0,0.0006280542,0,xgboost_enhanced_fitnow,0.0066650183871388435
657571,0,0.00062616495,0,xgboost_enhanced_fitnow,0.0066650183871388435
592767,0,0.0006238272,0,xgboost_enhanced_fitnow,0.0066650183871388435
670102,0,0.0006159184,0,xgboost_enhanced_fitnow,0.0066650183871388435
677651,0,0.0006145604,0,xgboost_enhanced_fitnow,0.0066650183871388435
621295,0,0.0006139603,0,xgboost_enhanced_fitnow,0.0066650183871388435
660896,0,0.000610677,0,xgboost_enhanced_fitnow,0.0066650183871388435
605177,0,0.0006098976,0,xgboost_enhanced_fitnow,0.0066650183871388435
621219,0,0.0005998065,0,xgboost_enhanced_fitnow,0.0066650183871388435
641871,0,0.000597793,0,xgboost_enhanced_fitnow,0.0066650183871388435
677865,0,0.000592265,0,xgboost_enhanced_fitnow,0.0066650183871388435
656457,0,0.0005917822,0,xgboost_enhanced_fitnow,0.0066650183871388435
657240,0,0.00058868143,0,xgboost_enhanced_fitnow,0.0066650183871388435
667463,0,0.0005882016,0,xgboost_enhanced_fitnow,0.0066650183871388435
650907,0,0.00058761775,0,xgboost_enhanced_fitnow,0.0066650183871388435
684665,0,0.0005841222,0,xgboost_enhanced_fitnow,0.0066650183871388435
801216,0,0.0005836174,0,xgboost_enhanced_fitnow,0.0066650183871388435
681958,0,0.0005751424,0,xgboost_enhanced_fitnow,0.0066650183871388435
605242,0,0.00057000486,0,xgboost_enhanced_fitnow,0.0066650183871388435
641149,0,0.0005617135,0,xgboost_enhanced_fitnow,0.0066650183871388435
670990,0,0.00056074496,0,xgboost_enhanced_fitnow,0.0066650183871388435
665871,0,0.00056050345,0,xgboost_enhanced_fitnow,0.0066650183871388435
676206,0,0.0005485647,0,xgboost_enhanced_fitnow,0.0066650183871388435
671106,0,0.00054579973,0,xgboost_enhanced_fitnow,0.0066650183871388435
657424,0,0.00054369477,0,xgboost_enhanced_fitnow,0.0066650183871388435
666154,0,0.0005424393,0,xgboost_enhanced_fitnow,0.0066650183871388435
642239,0,0.00054207415,0,xgboost_enhanced_fitnow,0.0066650183871388435
650960,0,0.000540035,0,xgboost_enhanced_fitnow,0.0066650183871388435
656887,0,0.0005396558,0,xgboost_enhanced_fitnow,0.0066650183871388435
679346,0,0.000537523,0,xgboost_enhanced_fitnow,0.0066650183871388435
668676,0,0.00053725514,0,xgboost_enhanced_fitnow,0.0066650183871388435
666721,0,0.0005343273,0,xgboost_enhanced_fitnow,0.0066650183871388435
694331,0,0.0005313628,0,xgboost_enhanced_fitnow,0.0066650183871388435
680694,0,0.00053072016,0,xgboost_enhanced_fitnow,0.0066650183871388435
573186,0,0.00052995,0,xgboost_enhanced_fitnow,0.0066650183871388435
605488,0,0.0005246366,0,xgboost_enhanced_fitnow,0.0066650183871388435
658551,0,0.0005246281,0,xgboost_enhanced_fitnow,0.0066650183871388435
664082,0,0.000519246,0,xgboost_enhanced_fitnow,0.0066650183871388435
650489,0,0.0005166132,0,xgboost_enhanced_fitnow,0.0066650183871388435
672841,0,0.0005147495,0,xgboost_enhanced_fitnow,0.0066650183871388435
592779,0,0.0005143988,0,xgboost_enhanced_fitnow,0.0066650183871388435
676840,0,0.000513173,0,xgboost_enhanced_fitnow,0.0066650183871388435
594798,0,0.00051187887,0,xgboost_enhanced_fitnow,0.0066650183871388435
665167,0,0.0005092213,0,xgboost_enhanced_fitnow,0.0066650183871388435
670056,0,0.0005074012,0,xgboost_enhanced_fitnow,0.0066650183871388435
573668,0,0.0005072999,0,xgboost_enhanced_fitnow,0.0066650183871388435
685095,0,0.0005057718,0,xgboost_enhanced_fitnow,0.0066650183871388435
621381,0,0.0005035777,0,xgboost_enhanced_fitnow,0.0066650183871388435
666619,0,0.00050313026,0,xgboost_enhanced_fitnow,0.0066650183871388435
661383,0,0.0004965679,0,xgboost_enhanced_fitnow,0.0066650183871388435
663947,0,0.00049472536,0,xgboost_enhanced_fitnow,0.0066650183871388435
669443,0,0.00049243926,0,xgboost_enhanced_fitnow,0.0066650183871388435
600917,0,0.0004910722,0,xgboost_enhanced_fitnow,0.0066650183871388435
612434,0,0.0004907182,0,xgboost_enhanced_fitnow,0.0066650183871388435
646241,0,0.00048708302,0,xgboost_enhanced_fitnow,0.0066650183871388435
670873,0,0.00048509476,0,xgboost_enhanced_fitnow,0.0066650183871388435
607455,0,0.00048496554,0,xgboost_enhanced_fitnow,0.0066650183871388435
642207,0,0.00048361666,0,xgboost_enhanced_fitnow,0.0066650183871388435
663455,0,0.00048167314,0,xgboost_enhanced_fitnow,0.0066650183871388435
674342,0,0.00047567044,0,xgboost_enhanced_fitnow,0.0066650183871388435
571912,0,0.00047475292,0,xgboost_enhanced_fitnow,0.0066650183871388435
656605,0,0.0004717312,0,xgboost_enhanced_fitnow,0.0066650183871388435
681886,0,0.0004716552,0,xgboost_enhanced_fitnow,0.0066650183871388435
607644,0,0.00046813104,0,xgboost_enhanced_fitnow,0.0066650183871388435
664208,0,0.00046634904,0,xgboost_enhanced_fitnow,0.0066650183871388435
687888,0,0.0004582832,0,xgboost_enhanced_fitnow,0.0066650183871388435
621433,0,0.00045750933,0,xgboost_enhanced_fitnow,0.0066650183871388435
670154,0,0.00045736195,0,xgboost_enhanced_fitnow,0.0066650183871388435
663559,0,0.00045663226,0,xgboost_enhanced_fitnow,0.0066650183871388435
605507,0,0.00045596305,0,xgboost_enhanced_fitnow,0.0066650183871388435
607179,0,0.0004531831,0,xgboost_enhanced_fitnow,0.0066650183871388435
607237,0,0.00045315418,0,xgboost_enhanced_fitnow,0.0066650183871388435
657248,0,0.00045191805,0,xgboost_enhanced_fitnow,0.0066650183871388435
660730,0,0.00044784322,0,xgboost_enhanced_fitnow,0.0066650183871388435
665620,0,0.00044767585,0,xgboost_enhanced_fitnow,0.0066650183871388435
664285,0,0.0004457794,0,xgboost_enhanced_fitnow,0.0066650183871388435
664192,0,0.0004432387,0,xgboost_enhanced_fitnow,0.0066650183871388435
656288,1,0.00044251955,0,xgboost_enhanced_fitnow,0.0066650183871388435
663574,0,0.00044032032,0,xgboost_enhanced_fitnow,0.0066650183871388435
607457,0,0.00044029244,0,xgboost_enhanced_fitnow,0.0066650183871388435
670912,0,0.0004399817,0,xgboost_enhanced_fitnow,0.0066650183871388435
596057,0,0.00043851582,0,xgboost_enhanced_fitnow,0.0066650183871388435
669697,0,0.00043711433,0,xgboost_enhanced_fitnow,0.0066650183871388435
666720,0,0.00043648228,0,xgboost_enhanced_fitnow,0.0066650183871388435
518617,0,0.00043170044,0,xgboost_enhanced_fitnow,0.0066650183871388435
680232,0,0.00043006896,0,xgboost_enhanced_fitnow,0.0066650183871388435
641995,0,0.00042986788,0,xgboost_enhanced_fitnow,0.0066650183871388435
643256,0,0.00042965013,0,xgboost_enhanced_fitnow,0.0066650183871388435
605151,0,0.0004295953,0,xgboost_enhanced_fitnow,0.0066650183871388435
685410,0,0.0004286397,0,xgboost_enhanced_fitnow,0.0066650183871388435
594835,0,0.00042644195,0,xgboost_enhanced_fitnow,0.0066650183871388435
606625,0,0.0004250663,0,xgboost_enhanced_fitnow,0.0066650183871388435
545121,0,0.0004226974,0,xgboost_enhanced_fitnow,0.0066650183871388435
605397,0,0.0004201142,0,xgboost_enhanced_fitnow,0.0066650183871388435
571946,0,0.00041444076,0,xgboost_enhanced_fitnow,0.0066650183871388435
671111,0,0.00041350882,0,xgboost_enhanced_fitnow,0.0066650183871388435
605280,0,0.0004118263,0,xgboost_enhanced_fitnow,0.0066650183871388435
663855,0,0.00041127723,0,xgboost_enhanced_fitnow,0.0066650183871388435
592094,0,0.0004100607,0,xgboost_enhanced_fitnow,0.0066650183871388435
656730,0,0.00040930966,0,xgboost_enhanced_fitnow,0.0066650183871388435
673766,0,0.0004088427,0,xgboost_enhanced_fitnow,0.0066650183871388435
666808,0,0.00040833576,0,xgboost_enhanced_fitnow,0.0066650183871388435
643400,0,0.00040729094,0,xgboost_enhanced_fitnow,0.0066650183871388435
676391,0,0.0004060655,0,xgboost_enhanced_fitnow,0.0066650183871388435
608716,0,0.00040603784,0,xgboost_enhanced_fitnow,0.0066650183871388435
671212,0,0.00040475477,0,xgboost_enhanced_fitnow,0.0066650183871388435
593423,0,0.0004041456,0,xgboost_enhanced_fitnow,0.0066650183871388435
682615,0,0.00040347656,0,xgboost_enhanced_fitnow,0.0066650183871388435
641386,0,0.00040189788,0,xgboost_enhanced_fitnow,0.0066650183871388435
641482,0,0.00040175597,0,xgboost_enhanced_fitnow,0.0066650183871388435
542609,0,0.00040159567,0,xgboost_enhanced_fitnow,0.0066650183871388435
676699,0,0.00040116295,0,xgboost_enhanced_fitnow,0.0066650183871388435
676477,0,0.0004010406,0,xgboost_enhanced_fitnow,0.0066650183871388435
676440,0,0.00040037383,0,xgboost_enhanced_fitnow,0.0066650183871388435
641743,0,0.00039920682,0,xgboost_enhanced_fitnow,0.0066650183871388435
686973,0,0.00039886258,0,xgboost_enhanced_fitnow,0.0066650183871388435
670329,0,0.0003986592,0,xgboost_enhanced_fitnow,0.0066650183871388435
681322,0,0.00039653003,0,xgboost_enhanced_fitnow,0.0066650183871388435
643316,0,0.0003959198,0,xgboost_enhanced_fitnow,0.0066650183871388435
680739,0,0.00039589414,0,xgboost_enhanced_fitnow,0.0066650183871388435
519326,0,0.00039578,0,xgboost_enhanced_fitnow,0.0066650183871388435
621348,0,0.00039465557,0,xgboost_enhanced_fitnow,0.0066650183871388435
669395,0,0.0003930743,0,xgboost_enhanced_fitnow,0.0066650183871388435
670950,0,0.00038751325,0,xgboost_enhanced_fitnow,0.0066650183871388435
672860,0,0.00038710376,0,xgboost_enhanced_fitnow,0.0066650183871388435
676106,0,0.00038441006,0,xgboost_enhanced_fitnow,0.0066650183871388435
642130,0,0.00038372356,0,xgboost_enhanced_fitnow,0.0066650183871388435
681982,0,0.00038309724,0,xgboost_enhanced_fitnow,0.0066650183871388435
543594,0,0.00038309104,0,xgboost_enhanced_fitnow,0.0066650183871388435
621237,0,0.0003810606,0,xgboost_enhanced_fitnow,0.0066650183871388435
676089,0,0.00038033424,0,xgboost_enhanced_fitnow,0.0066650183871388435
669437,0,0.0003765833,0,xgboost_enhanced_fitnow,0.0066650183871388435
669459,0,0.0003732113,0,xgboost_enhanced_fitnow,0.0066650183871388435
679630,0,0.00037105315,0,xgboost_enhanced_fitnow,0.0066650183871388435
688896,0,0.00036999644,0,xgboost_enhanced_fitnow,0.0066650183871388435
592351,0,0.00036747113,0,xgboost_enhanced_fitnow,0.0066650183871388435
605400,0,0.00036082507,0,xgboost_enhanced_fitnow,0.0066650183871388435
622780,0,0.00036061683,0,xgboost_enhanced_fitnow,0.0066650183871388435
669330,0,0.00035734294,0,xgboost_enhanced_fitnow,0.0066650183871388435
668881,0,0.00035493897,0,xgboost_enhanced_fitnow,0.0066650183871388435
642585,0,0.0003526189,0,xgboost_enhanced_fitnow,0.0066650183871388435
680891,0,0.00035248548,0,xgboost_enhanced_fitnow,0.0066650183871388435
666301,0,0.00035170472,0,xgboost_enhanced_fitnow,0.0066650183871388435
621244,0,0.00035123713,0,xgboost_enhanced_fitnow,0.0066650183871388435
592848,0,0.0003496642,0,xgboost_enhanced_fitnow,0.0066650183871388435
593619,0,0.0003476388,0,xgboost_enhanced_fitnow,0.0066650183871388435
670138,0,0.00034570193,0,xgboost_enhanced_fitnow,0.0066650183871388435
548384,0,0.00034429884,0,xgboost_enhanced_fitnow,0.0066650183871388435
623437,0,0.0003433177,0,xgboost_enhanced_fitnow,0.0066650183871388435
661403,0,0.0003410038,0,xgboost_enhanced_fitnow,0.0066650183871388435
608678,0,0.00034084893,0,xgboost_enhanced_fitnow,0.0066650183871388435
670766,0,0.00033916952,0,xgboost_enhanced_fitnow,0.0066650183871388435
669711,0,0.00033841244,0,xgboost_enhanced_fitnow,0.0066650183871388435
666374,0,0.00033321555,0,xgboost_enhanced_fitnow,0.0066650183871388435
676979,0,0.00033228542,0,xgboost_enhanced_fitnow,0.0066650183871388435
664294,0,0.00033176158,0,xgboost_enhanced_fitnow,0.0066650183871388435
621112,0,0.000330582,0,xgboost_enhanced_fitnow,0.0066650183871388435
518397,0,0.00032996802,0,xgboost_enhanced_fitnow,0.0066650183871388435
570488,0,0.00032935484,0,xgboost_enhanced_fitnow,0.0066650183871388435
622554,0,0.00032889989,0,xgboost_enhanced_fitnow,0.0066650183871388435
453268,0,0.0003259895,0,xgboost_enhanced_fitnow,0.0066650183871388435
687956,0,0.0003247351,0,xgboost_enhanced_fitnow,0.0066650183871388435
678061,0,0.00032048675,0,xgboost_enhanced_fitnow,0.0066650183871388435
703710,0,0.0003184006,0,xgboost_enhanced_fitnow,0.0066650183871388435
642770,0,0.0003182816,0,xgboost_enhanced_fitnow,0.0066650183871388435
682240,0,0.00031823458,0,xgboost_enhanced_fitnow,0.0066650183871388435
669713,0,0.00031817058,0,xgboost_enhanced_fitnow,0.0066650183871388435
642528,0,0.0003180335,0,xgboost_enhanced_fitnow,0.0066650183871388435
658648,0,0.0003147922,0,xgboost_enhanced_fitnow,0.0066650183871388435
506702,0,0.00031434535,0,xgboost_enhanced_fitnow,0.0066650183871388435
622772,0,0.0003137986,0,xgboost_enhanced_fitnow,0.0066650183871388435
650496,0,0.00031317963,0,xgboost_enhanced_fitnow,0.0066650183871388435
502083,0,0.0003057556,0,xgboost_enhanced_fitnow,0.0066650183871388435
614179,0,0.0003050184,0,xgboost_enhanced_fitnow,0.0066650183871388435
668868,0,0.00030467138,0,xgboost_enhanced_fitnow,0.0066650183871388435
605130,0,0.00030366628,0,xgboost_enhanced_fitnow,0.0066650183871388435
671737,0,0.00029769013,0,xgboost_enhanced_fitnow,0.0066650183871388435
605154,0,0.00029573287,0,xgboost_enhanced_fitnow,0.0066650183871388435
684937,0,0.000295185,0,xgboost_enhanced_fitnow,0.0066650183871388435
605155,0,0.00029477017,0,xgboost_enhanced_fitnow,0.0066650183871388435
664854,0,0.00029330797,0,xgboost_enhanced_fitnow,0.0066650183871388435
676596,0,0.00029243846,0,xgboost_enhanced_fitnow,0.0066650183871388435
554430,0,0.00029178595,0,xgboost_enhanced_fitnow,0.0066650183871388435
506433,0,0.00029162157,0,xgboost_enhanced_fitnow,0.0066650183871388435
622065,0,0.00028974592,0,xgboost_enhanced_fitnow,0.0066650183871388435
686842,0,0.00028481215,0,xgboost_enhanced_fitnow,0.0066650183871388435
608032,0,0.0002845608,0,xgboost_enhanced_fitnow,0.0066650183871388435
664202,0,0.0002838295,0,xgboost_enhanced_fitnow,0.0066650183871388435
572888,0,0.00028280576,0,xgboost_enhanced_fitnow,0.0066650183871388435
694298,0,0.0002825931,0,xgboost_enhanced_fitnow,0.0066650183871388435
664747,0,0.00028250125,0,xgboost_enhanced_fitnow,0.0066650183871388435
623211,0,0.00027959104,0,xgboost_enhanced_fitnow,0.0066650183871388435
573009,0,0.00027570382,0,xgboost_enhanced_fitnow,0.0066650183871388435
666200,0,0.0002714891,0,xgboost_enhanced_fitnow,0.0066650183871388435
672282,0,0.00027026134,0,xgboost_enhanced_fitnow,0.0066650183871388435
592254,0,0.00026886092,0,xgboost_enhanced_fitnow,0.0066650183871388435
805437,0,0.0002673492,0,xgboost_enhanced_fitnow,0.0066650183871388435
682243,0,0.00026610747,0,xgboost_enhanced_fitnow,0.0066650183871388435
677946,0,0.0002659497,0,xgboost_enhanced_fitnow,0.0066650183871388435
455119,0,0.00026560988,0,xgboost_enhanced_fitnow,0.0066650183871388435
686753,0,0.00026334726,0,xgboost_enhanced_fitnow,0.0066650183871388435
656641,0,0.00026256405,0,xgboost_enhanced_fitnow,0.0066650183871388435
606930,0,0.00026118933,0,xgboost_enhanced_fitnow,0.0066650183871388435
664901,0,0.00026108252,0,xgboost_enhanced_fitnow,0.0066650183871388435
677066,0,0.0002607002,0,xgboost_enhanced_fitnow,0.0066650183871388435
661395,0,0.0002603599,0,xgboost_enhanced_fitnow,0.0066650183871388435
676546,0,0.00025823407,0,xgboost_enhanced_fitnow,0.0066650183871388435
664126,0,0.000257777,0,xgboost_enhanced_fitnow,0.0066650183871388435
621345,0,0.0002556157,0,xgboost_enhanced_fitnow,0.0066650183871388435
641755,0,0.00025513605,0,xgboost_enhanced_fitnow,0.0066650183871388435
656669,0,0.00025489848,0,xgboost_enhanced_fitnow,0.0066650183871388435
680573,0,0.00025456748,0,xgboost_enhanced_fitnow,0.0066650183871388435
663658,0,0.0002534996,0,xgboost_enhanced_fitnow,0.0066650183871388435
594580,0,0.00025145733,0,xgboost_enhanced_fitnow,0.0066650183871388435
680723,0,0.00025071402,0,xgboost_enhanced_fitnow,0.0066650183871388435
656271,0,0.00025053718,0,xgboost_enhanced_fitnow,0.0066650183871388435
641682,0,0.00024892972,0,xgboost_enhanced_fitnow,0.0066650183871388435
663485,0,0.00024863536,0,xgboost_enhanced_fitnow,0.0066650183871388435
641729,0,0.00024858583,0,xgboost_enhanced_fitnow,0.0066650183871388435
595345,0,0.00024731635,0,xgboost_enhanced_fitnow,0.0066650183871388435
600921,0,0.00024628427,0,xgboost_enhanced_fitnow,0.0066650183871388435
543859,0,0.0002455176,0,xgboost_enhanced_fitnow,0.0066650183871388435
669145,0,0.00024424374,0,xgboost_enhanced_fitnow,0.0066650183871388435
677915,0,0.00023812018,0,xgboost_enhanced_fitnow,0.0066650183871388435
642231,0,0.00023787671,0,xgboost_enhanced_fitnow,0.0066650183871388435
660634,0,0.00023671197,0,xgboost_enhanced_fitnow,0.0066650183871388435
543056,0,0.00023668738,0,xgboost_enhanced_fitnow,0.0066650183871388435
656578,0,0.0002358217,0,xgboost_enhanced_fitnow,0.0066650183871388435
681835,0,0.00023427048,0,xgboost_enhanced_fitnow,0.0066650183871388435
657024,0,0.00023210894,0,xgboost_enhanced_fitnow,0.0066650183871388435
605540,0,0.0002315769,0,xgboost_enhanced_fitnow,0.0066650183871388435
669111,0,0.0002295809,0,xgboost_enhanced_fitnow,0.0066650183871388435
665645,0,0.00022894435,0,xgboost_enhanced_fitnow,0.0066650183871388435
666208,0,0.00022823125,0,xgboost_enhanced_fitnow,0.0066650183871388435
661527,0,0.0002260724,0,xgboost_enhanced_fitnow,0.0066650183871388435
571616,0,0.00022579881,0,xgboost_enhanced_fitnow,0.0066650183871388435
605441,0,0.000223528,0,xgboost_enhanced_fitnow,0.0066650183871388435
521230,0,0.0002230809,0,xgboost_enhanced_fitnow,0.0066650183871388435
660761,1,0.00022215651,0,xgboost_enhanced_fitnow,0.0066650183871388435
455117,0,0.0002221133,0,xgboost_enhanced_fitnow,0.0066650183871388435
641672,0,0.00022171828,0,xgboost_enhanced_fitnow,0.0066650183871388435
689167,0,0.00022007085,0,xgboost_enhanced_fitnow,0.0066650183871388435
665854,0,0.00021997876,0,xgboost_enhanced_fitnow,0.0066650183871388435
517008,0,0.00021989863,0,xgboost_enhanced_fitnow,0.0066650183871388435
663978,0,0.00021925132,0,xgboost_enhanced_fitnow,0.0066650183871388435
656793,0,0.0002150191,0,xgboost_enhanced_fitnow,0.0066650183871388435
600986,0,0.00021336834,0,xgboost_enhanced_fitnow,0.0066650183871388435
660593,0,0.00021231773,0,xgboost_enhanced_fitnow,0.0066650183871388435
666201,0,0.00021194942,0,xgboost_enhanced_fitnow,0.0066650183871388435
662253,0,0.00021172965,0,xgboost_enhanced_fitnow,0.0066650183871388435
571670,0,0.00021058749,0,xgboost_enhanced_fitnow,0.0066650183871388435
680606,0,0.00020858675,0,xgboost_enhanced_fitnow,0.0066650183871388435
608348,0,0.00020694153,0,xgboost_enhanced_fitnow,0.0066650183871388435
518886,0,0.0002062234,0,xgboost_enhanced_fitnow,0.0066650183871388435
660431,0,0.00020516352,0,xgboost_enhanced_fitnow,0.0066650183871388435
672582,0,0.00020281092,0,xgboost_enhanced_fitnow,0.0066650183871388435
640470,0,0.00020230722,0,xgboost_enhanced_fitnow,0.0066650183871388435
664062,0,0.00020089246,0,xgboost_enhanced_fitnow,0.0066650183871388435
699499,0,0.00019954811,0,xgboost_enhanced_fitnow,0.0066650183871388435
676600,0,0.00019954164,0,xgboost_enhanced_fitnow,0.0066650183871388435
543272,0,0.0001983884,0,xgboost_enhanced_fitnow,0.0066650183871388435
663687,0,0.00019828911,0,xgboost_enhanced_fitnow,0.0066650183871388435
702355,0,0.00019795871,0,xgboost_enhanced_fitnow,0.0066650183871388435
669854,0,0.00019363276,0,xgboost_enhanced_fitnow,0.0066650183871388435
594943,0,0.00019248374,0,xgboost_enhanced_fitnow,0.0066650183871388435
543548,0,0.00019178649,0,xgboost_enhanced_fitnow,0.0066650183871388435
669952,0,0.00019091635,0,xgboost_enhanced_fitnow,0.0066650183871388435
656786,0,0.00019037483,0,xgboost_enhanced_fitnow,0.0066650183871388435
657031,0,0.00018894674,0,xgboost_enhanced_fitnow,0.0066650183871388435
663531,0,0.00018868949,0,xgboost_enhanced_fitnow,0.0066650183871388435
605538,0,0.00018761164,0,xgboost_enhanced_fitnow,0.0066650183871388435
681006,0,0.00018685736,0,xgboost_enhanced_fitnow,0.0066650183871388435
543543,0,0.00018567736,0,xgboost_enhanced_fitnow,0.0066650183871388435
598286,0,0.00018473189,0,xgboost_enhanced_fitnow,0.0066650183871388435
663765,0,0.00017864548,0,xgboost_enhanced_fitnow,0.0066650183871388435
608723,0,0.00017780208,0,xgboost_enhanced_fitnow,0.0066650183871388435
660825,0,0.00017711661,0,xgboost_enhanced_fitnow,0.0066650183871388435
445276,0,0.00017701753,0,xgboost_enhanced_fitnow,0.0066650183871388435
668942,0,0.00017688441,0,xgboost_enhanced_fitnow,0.0066650183871388435
592390,0,0.00017646325,0,xgboost_enhanced_fitnow,0.0066650183871388435
605513,0,0.00017448343,0,xgboost_enhanced_fitnow,0.0066650183871388435
667755,0,0.00017257353,0,xgboost_enhanced_fitnow,0.0066650183871388435
605218,0,0.00017148192,0,xgboost_enhanced_fitnow,0.0066650183871388435
666202,0,0.0001714121,0,xgboost_enhanced_fitnow,0.0066650183871388435
663465,0,0.00017081723,0,xgboost_enhanced_fitnow,0.0066650183871388435
670046,0,0.00016758834,0,xgboost_enhanced_fitnow,0.0066650183871388435
571479,0,0.0001672121,0,xgboost_enhanced_fitnow,0.0066650183871388435
676362,0,0.00016693253,0,xgboost_enhanced_fitnow,0.0066650183871388435
660813,0,0.00016669426,0,xgboost_enhanced_fitnow,0.0066650183871388435
667176,0,0.00016542769,0,xgboost_enhanced_fitnow,0.0066650183871388435
669105,0,0.00016449462,0,xgboost_enhanced_fitnow,0.0066650183871388435
701566,0,0.00016435023,0,xgboost_enhanced_fitnow,0.0066650183871388435
672782,0,0.00016371818,0,xgboost_enhanced_fitnow,0.0066650183871388435
668678,0,0.00016369352,0,xgboost_enhanced_fitnow,0.0066650183871388435
670393,0,0.00016242357,0,xgboost_enhanced_fitnow,0.0066650183871388435
669674,0,0.00016214828,0,xgboost_enhanced_fitnow,0.0066650183871388435
594902,0,0.00016160481,0,xgboost_enhanced_fitnow,0.0066650183871388435
596082,0,0.00016059987,0,xgboost_enhanced_fitnow,0.0066650183871388435
666661,0,0.00015999704,0,xgboost_enhanced_fitnow,0.0066650183871388435
645261,0,0.00015925123,0,xgboost_enhanced_fitnow,0.0066650183871388435
656803,0,0.00015894751,0,xgboost_enhanced_fitnow,0.0066650183871388435
669724,0,0.00015814629,0,xgboost_enhanced_fitnow,0.0066650183871388435
682052,0,0.00015780193,0,xgboost_enhanced_fitnow,0.0066650183871388435
681987,0,0.00015764372,0,xgboost_enhanced_fitnow,0.0066650183871388435
674003,0,0.00015661531,0,xgboost_enhanced_fitnow,0.0066650183871388435
685001,0,0.00015638773,0,xgboost_enhanced_fitnow,0.0066650183871388435
518585,0,0.00015437236,0,xgboost_enhanced_fitnow,0.0066650183871388435
629498,0,0.00015405283,0,xgboost_enhanced_fitnow,0.0066650183871388435
669302,0,0.00015390279,0,xgboost_enhanced_fitnow,0.0066650183871388435
681555,0,0.00015133272,0,xgboost_enhanced_fitnow,0.0066650183871388435
676454,0,0.00015132969,0,xgboost_enhanced_fitnow,0.0066650183871388435
592773,0,0.00015118213,0,xgboost_enhanced_fitnow,0.0066650183871388435
623352,0,0.00015037687,0,xgboost_enhanced_fitnow,0.0066650183871388435
608566,0,0.000149909,0,xgboost_enhanced_fitnow,0.0066650183871388435
656257,0,0.00014985712,0,xgboost_enhanced_fitnow,0.0066650183871388435
571466,0,0.00014977997,0,xgboost_enhanced_fitnow,0.0066650183871388435
656876,0,0.0001496144,0,xgboost_enhanced_fitnow,0.0066650183871388435
681841,0,0.00014685764,0,xgboost_enhanced_fitnow,0.0066650183871388435
669648,0,0.00014650084,0,xgboost_enhanced_fitnow,0.0066650183871388435
622608,0,0.0001460896,0,xgboost_enhanced_fitnow,0.0066650183871388435
641941,0,0.00014557163,0,xgboost_enhanced_fitnow,0.0066650183871388435
656970,0,0.00014435893,0,xgboost_enhanced_fitnow,0.0066650183871388435
676092,0,0.00014325959,0,xgboost_enhanced_fitnow,0.0066650183871388435
592741,0,0.00014283675,0,xgboost_enhanced_fitnow,0.0066650183871388435
607074,0,0.00014173386,0,xgboost_enhanced_fitnow,0.0066650183871388435
686651,0,0.00014143523,0,xgboost_enhanced_fitnow,0.0066650183871388435
665734,0,0.00013889653,0,xgboost_enhanced_fitnow,0.0066650183871388435
643511,0,0.00013729297,0,xgboost_enhanced_fitnow,0.0066650183871388435
676254,0,0.00013693068,0,xgboost_enhanced_fitnow,0.0066650183871388435
608328,0,0.00013683291,0,xgboost_enhanced_fitnow,0.0066650183871388435
596112,0,0.00013665245,0,xgboost_enhanced_fitnow,0.0066650183871388435
673111,0,0.00013637167,0,xgboost_enhanced_fitnow,0.0066650183871388435
592454,0,0.00013619664,0,xgboost_enhanced_fitnow,0.0066650183871388435
689147,0,0.0001361795,0,xgboost_enhanced_fitnow,0.0066650183871388435
664776,0,0.0001361051,0,xgboost_enhanced_fitnow,0.0066650183871388435
665019,0,0.00013406416,0,xgboost_enhanced_fitnow,0.0066650183871388435
434378,0,0.00013393676,0,xgboost_enhanced_fitnow,0.0066650183871388435
656302,0,0.00013266139,0,xgboost_enhanced_fitnow,0.0066650183871388435
640454,0,0.0001319345,0,xgboost_enhanced_fitnow,0.0066650183871388435
623381,0,0.00013181668,0,xgboost_enhanced_fitnow,0.0066650183871388435
605182,0,0.0001306859,0,xgboost_enhanced_fitnow,0.0066650183871388435
669438,0,0.00013024005,0,xgboost_enhanced_fitnow,0.0066650183871388435
674681,0,0.00012887125,0,xgboost_enhanced_fitnow,0.0066650183871388435
641409,0,0.00012747929,0,xgboost_enhanced_fitnow,0.0066650183871388435
657612,0,0.0001266846,0,xgboost_enhanced_fitnow,0.0066650183871388435
543037,0,0.00012652982,0,xgboost_enhanced_fitnow,0.0066650183871388435
663372,0,0.0001260598,0,xgboost_enhanced_fitnow,0.0066650183871388435
622259,0,0.00012561821,0,xgboost_enhanced_fitnow,0.0066650183871388435
502085,0,0.00012410543,0,xgboost_enhanced_fitnow,0.0066650183871388435
685107,0,0.00012374831,0,xgboost_enhanced_fitnow,0.0066650183871388435
500871,0,0.000121886595,0,xgboost_enhanced_fitnow,0.0066650183871388435
669180,0,0.000120425975,0,xgboost_enhanced_fitnow,0.0066650183871388435
645801,0,0.0001201177,0,xgboost_enhanced_fitnow,0.0066650183871388435
593334,0,0.0001199428,0,xgboost_enhanced_fitnow,0.0066650183871388435
572008,0,0.00011956985,0,xgboost_enhanced_fitnow,0.0066650183871388435
605200,0,0.00011933156,0,xgboost_enhanced_fitnow,0.0066650183871388435
663630,0,0.00011883295,0,xgboost_enhanced_fitnow,0.0066650183871388435
673858,0,0.000118090684,0,xgboost_enhanced_fitnow,0.0066650183871388435
663971,0,0.00011742706,0,xgboost_enhanced_fitnow,0.0066650183871388435
622250,0,0.00011742348,0,xgboost_enhanced_fitnow,0.0066650183871388435
663158,0,0.000116662755,0,xgboost_enhanced_fitnow,0.0066650183871388435
666745,0,0.00011586607,0,xgboost_enhanced_fitnow,0.0066650183871388435
605447,0,0.00011556606,0,xgboost_enhanced_fitnow,0.0066650183871388435
571901,1,0.000114615104,0,xgboost_enhanced_fitnow,0.0066650183871388435
681989,0,0.00011350594,0,xgboost_enhanced_fitnow,0.0066650183871388435
607067,0,0.0001132684,0,xgboost_enhanced_fitnow,0.0066650183871388435
613534,0,0.00011312527,0,xgboost_enhanced_fitnow,0.0066650183871388435
701552,0,0.00011242894,0,xgboost_enhanced_fitnow,0.0066650183871388435
701121,0,0.00011194326,0,xgboost_enhanced_fitnow,0.0066650183871388435
542194,0,0.00011168823,0,xgboost_enhanced_fitnow,0.0066650183871388435
500743,0,0.000111390844,0,xgboost_enhanced_fitnow,0.0066650183871388435
666803,0,0.000110747,0,xgboost_enhanced_fitnow,0.0066650183871388435
701803,0,0.00010934215,0,xgboost_enhanced_fitnow,0.0066650183871388435
542947,0,0.00010933653,0,xgboost_enhanced_fitnow,0.0066650183871388435
605240,0,0.000107368396,0,xgboost_enhanced_fitnow,0.0066650183871388435
676689,0,0.00010736339,0,xgboost_enhanced_fitnow,0.0066650183871388435
608638,0,0.000106483174,0,xgboost_enhanced_fitnow,0.0066650183871388435
663804,0,0.00010593516,0,xgboost_enhanced_fitnow,0.0066650183871388435
641835,0,0.00010495921,0,xgboost_enhanced_fitnow,0.0066650183871388435
694312,0,0.00010414409,0,xgboost_enhanced_fitnow,0.0066650183871388435
676684,0,0.00010405376,0,xgboost_enhanced_fitnow,0.0066650183871388435
641401,0,0.0001039522,0,xgboost_enhanced_fitnow,0.0066650183871388435
663752,0,0.0001032307,0,xgboost_enhanced_fitnow,0.0066650183871388435
643338,0,0.00010271558,0,xgboost_enhanced_fitnow,0.0066650183871388435
681808,0,0.000102252656,0,xgboost_enhanced_fitnow,0.0066650183871388435
802408,0,0.0001016341,0,xgboost_enhanced_fitnow,0.0066650183871388435
554340,0,0.00010130483,0,xgboost_enhanced_fitnow,0.0066650183871388435
657508,0,0.00010114363,0,xgboost_enhanced_fitnow,0.0066650183871388435
592662,0,0.00010057206,0,xgboost_enhanced_fitnow,0.0066650183871388435
664161,0,9.9870966e-05,0,xgboost_enhanced_fitnow,0.0066650183871388435
621142,0,9.9486584e-05,0,xgboost_enhanced_fitnow,0.0066650183871388435
681432,0,9.890098e-05,0,xgboost_enhanced_fitnow,0.0066650183871388435
660853,0,9.767237e-05,0,xgboost_enhanced_fitnow,0.0066650183871388435
656945,0,9.7410164e-05,0,xgboost_enhanced_fitnow,0.0066650183871388435
656464,0,9.720176e-05,0,xgboost_enhanced_fitnow,0.0066650183871388435
642133,0,9.698862e-05,0,xgboost_enhanced_fitnow,0.0066650183871388435
665665,0,9.60982e-05,0,xgboost_enhanced_fitnow,0.0066650183871388435
669276,0,9.5770236e-05,0,xgboost_enhanced_fitnow,0.0066650183871388435
663472,0,9.508693e-05,0,xgboost_enhanced_fitnow,0.0066650183871388435
641656,0,9.470569e-05,0,xgboost_enhanced_fitnow,0.0066650183871388435
665622,0,9.391787e-05,0,xgboost_enhanced_fitnow,0.0066650183871388435
656638,0,9.316316e-05,0,xgboost_enhanced_fitnow,0.0066650183871388435
641703,0,9.270252e-05,0,xgboost_enhanced_fitnow,0.0066650183871388435
663423,0,9.2588205e-05,0,xgboost_enhanced_fitnow,0.0066650183871388435
695445,0,9.245983e-05,0,xgboost_enhanced_fitnow,0.0066650183871388435
699911,0,9.245983e-05,0,xgboost_enhanced_fitnow,0.0066650183871388435
691526,0,9.245983e-05,0,xgboost_enhanced_fitnow,0.0066650183871388435
694536,0,9.245983e-05,0,xgboost_enhanced_fitnow,0.0066650183871388435
700675,0,9.245983e-05,0,xgboost_enhanced_fitnow,0.0066650183871388435
700832,0,9.245983e-05,0,xgboost_enhanced_fitnow,0.0066650183871388435
701316,0,9.245983e-05,0,xgboost_enhanced_fitnow,0.0066650183871388435
701539,0,9.245983e-05,0,xgboost_enhanced_fitnow,0.0066650183871388435
694053,0,9.245983e-05,0,xgboost_enhanced_fitnow,0.0066650183871388435
693388,0,9.245983e-05,0,xgboost_enhanced_fitnow,0.0066650183871388435
702352,0,9.245983e-05,0,xgboost_enhanced_fitnow,0.0066650183871388435
805829,0,9.245983e-05,0,xgboost_enhanced_fitnow,0.0066650183871388435
700187,0,9.245983e-05,0,xgboost_enhanced_fitnow,0.0066650183871388435
688873,0,9.245983e-05,0,xgboost_enhanced_fitnow,0.0066650183871388435
690953,0,9.245983e-05,0,xgboost_enhanced_fitnow,0.0066650183871388435
687205,0,9.245983e-05,0,xgboost_enhanced_fitnow,0.0066650183871388435
683627,0,9.245983e-05,0,xgboost_enhanced_fitnow,0.0066650183871388435
685125,0,9.245983e-05,0,xgboost_enhanced_fitnow,0.0066650183871388435
682255,0,9.245983e-05,0,xgboost_enhanced_fitnow,0.0066650183871388435
685801,0,9.245983e-05,0,xgboost_enhanced_fitnow,0.0066650183871388435
686449,0,9.245983e-05,0,xgboost_enhanced_fitnow,0.0066650183871388435
686585,0,9.245983e-05,0,xgboost_enhanced_fitnow,0.0066650183871388435
682106,0,9.245983e-05,0,xgboost_enhanced_fitnow,0.0066650183871388435
682087,0,9.245983e-05,0,xgboost_enhanced_fitnow,0.0066650183871388435
686827,0,9.245983e-05,0,xgboost_enhanced_fitnow,0.0066650183871388435
686924,0,9.245983e-05,0,xgboost_enhanced_fitnow,0.0066650183871388435
687014,0,9.245983e-05,0,xgboost_enhanced_fitnow,0.0066650183871388435
681924,0,9.245983e-05,0,xgboost_enhanced_fitnow,0.0066650183871388435
687423,0,9.245983e-05,0,xgboost_enhanced_fitnow,0.0066650183871388435
690544,0,9.245983e-05,0,xgboost_enhanced_fitnow,0.0066650183871388435
687460,0,9.245983e-05,0,xgboost_enhanced_fitnow,0.0066650183871388435
687817,0,9.245983e-05,0,xgboost_enhanced_fitnow,0.0066650183871388435
687840,0,9.245983e-05,0,xgboost_enhanced_fitnow,0.0066650183871388435
687847,0,9.245983e-05,0,xgboost_enhanced_fitnow,0.0066650183871388435
687866,0,9.245983e-05,0,xgboost_enhanced_fitnow,0.0066650183871388435
687938,0,9.245983e-05,0,xgboost_enhanced_fitnow,0.0066650183871388435
688107,0,9.245983e-05,0,xgboost_enhanced_fitnow,0.0066650183871388435
688230,0,9.245983e-05,0,xgboost_enhanced_fitnow,0.0066650183871388435
682915,0,9.245983e-05,0,xgboost_enhanced_fitnow,0.0066650183871388435
690086,0,9.245983e-05,0,xgboost_enhanced_fitnow,0.0066650183871388435
690281,0,9.245983e-05,0,xgboost_enhanced_fitnow,0.0066650183871388435
690440,0,9.245983e-05,0,xgboost_enhanced_fitnow,0.0066650183871388435
685461,0,9.245983e-05,0,xgboost_enhanced_fitnow,0.0066650183871388435
806288,0,9.245983e-05,0,xgboost_enhanced_fitnow,0.0066650183871388435
573124,0,9.109684e-05,0,xgboost_enhanced_fitnow,0.0066650183871388435
678606,0,9.0547575e-05,0,xgboost_enhanced_fitnow,0.0066650183871388435
664874,0,9.041281e-05,0,xgboost_enhanced_fitnow,0.0066650183871388435
660271,1,9.001219e-05,0,xgboost_enhanced_fitnow,0.0066650183871388435
542585,0,8.948858e-05,0,xgboost_enhanced_fitnow,0.0066650183871388435
656657,0,8.880824e-05,0,xgboost_enhanced_fitnow,0.0066650183871388435
666122,0,8.869805e-05,0,xgboost_enhanced_fitnow,0.0066650183871388435
680622,0,8.855227e-05,0,xgboost_enhanced_fitnow,0.0066650183871388435
607968,0,8.8391214e-05,0,xgboost_enhanced_fitnow,0.0066650183871388435
677076,0,8.834891e-05,0,xgboost_enhanced_fitnow,0.0066650183871388435
687798,0,8.799845e-05,0,xgboost_enhanced_fitnow,0.0066650183871388435
606160,0,8.7266926e-05,0,xgboost_enhanced_fitnow,0.0066650183871388435
493603,0,8.6354594e-05,0,xgboost_enhanced_fitnow,0.0066650183871388435
593643,0,8.613106e-05,0,xgboost_enhanced_fitnow,0.0066650183871388435
593974,0,8.577305e-05,0,xgboost_enhanced_fitnow,0.0066650183871388435
628708,0,8.4649524e-05,0,xgboost_enhanced_fitnow,0.0066650183871388435
623433,0,8.412782e-05,0,xgboost_enhanced_fitnow,0.0066650183871388435
643377,0,8.372079e-05,0,xgboost_enhanced_fitnow,0.0066650183871388435
622098,0,8.366597e-05,0,xgboost_enhanced_fitnow,0.0066650183871388435
547943,0,8.283115e-05,0,xgboost_enhanced_fitnow,0.0066650183871388435
518489,0,8.262526e-05,0,xgboost_enhanced_fitnow,0.0066650183871388435
678707,0,8.255752e-05,0,xgboost_enhanced_fitnow,0.0066650183871388435
663986,0,8.179646e-05,0,xgboost_enhanced_fitnow,0.0066650183871388435
680767,0,8.083479e-05,0,xgboost_enhanced_fitnow,0.0066650183871388435
592230,0,8.064892e-05,0,xgboost_enhanced_fitnow,0.0066650183871388435
571927,0,7.9335405e-05,0,xgboost_enhanced_fitnow,0.0066650183871388435
622075,0,7.8743135e-05,0,xgboost_enhanced_fitnow,0.0066650183871388435
669387,0,7.829321e-05,0,xgboost_enhanced_fitnow,0.0066650183871388435
656818,0,7.732759e-05,0,xgboost_enhanced_fitnow,0.0066650183871388435
607054,0,7.732324e-05,0,xgboost_enhanced_fitnow,0.0066650183871388435
665896,1,7.622981e-05,0,xgboost_enhanced_fitnow,0.0066650183871388435
608718,0,7.6039374e-05,0,xgboost_enhanced_fitnow,0.0066650183871388435
669373,0,7.4620955e-05,0,xgboost_enhanced_fitnow,0.0066650183871388435
690986,0,7.262294e-05,0,xgboost_enhanced_fitnow,0.0066650183871388435
670955,0,7.239911e-05,0,xgboost_enhanced_fitnow,0.0066650183871388435
656924,0,7.124617e-05,0,xgboost_enhanced_fitnow,0.0066650183871388435
661309,0,7.110662e-05,0,xgboost_enhanced_fitnow,0.0066650183871388435
684604,0,6.906906e-05,0,xgboost_enhanced_fitnow,0.0066650183871388435
656546,0,6.863251e-05,0,xgboost_enhanced_fitnow,0.0066650183871388435
543510,0,6.847268e-05,0,xgboost_enhanced_fitnow,0.0066650183871388435
572020,0,6.846797e-05,0,xgboost_enhanced_fitnow,0.0066650183871388435
472610,0,6.843644e-05,0,xgboost_enhanced_fitnow,0.0066650183871388435
668674,0,6.8123445e-05,0,xgboost_enhanced_fitnow,0.0066650183871388435
516853,0,6.801413e-05,0,xgboost_enhanced_fitnow,0.0066650183871388435
605347,0,6.789639e-05,0,xgboost_enhanced_fitnow,0.0066650183871388435
572403,0,6.742596e-05,0,xgboost_enhanced_fitnow,0.0066650183871388435
611093,0,6.662459e-05,0,xgboost_enhanced_fitnow,0.0066650183871388435
477132,0,6.606487e-05,0,xgboost_enhanced_fitnow,0.0066650183871388435
685116,0,6.571477e-05,0,xgboost_enhanced_fitnow,0.0066650183871388435
600887,0,6.53945e-05,0,xgboost_enhanced_fitnow,0.0066650183871388435
503449,0,6.521982e-05,0,xgboost_enhanced_fitnow,0.0066650183871388435
623149,0,6.4565844e-05,0,xgboost_enhanced_fitnow,0.0066650183871388435
663578,0,6.26515e-05,0,xgboost_enhanced_fitnow,0.0066650183871388435
681190,0,6.2632505e-05,0,xgboost_enhanced_fitnow,0.0066650183871388435
702795,0,6.254757e-05,0,xgboost_enhanced_fitnow,0.0066650183871388435
624522,0,6.116596e-05,0,xgboost_enhanced_fitnow,0.0066650183871388435
663462,0,6.113115e-05,0,xgboost_enhanced_fitnow,0.0066650183871388435
681584,0,5.9940605e-05,0,xgboost_enhanced_fitnow,0.0066650183871388435
664948,0,5.9721227e-05,0,xgboost_enhanced_fitnow,0.0066650183871388435
621199,0,5.97042e-05,0,xgboost_enhanced_fitnow,0.0066650183871388435
527054,0,5.9612492e-05,0,xgboost_enhanced_fitnow,0.0066650183871388435
670183,0,5.9483024e-05,0,xgboost_enhanced_fitnow,0.0066650183871388435
663704,0,5.7601035e-05,0,xgboost_enhanced_fitnow,0.0066650183871388435
570731,0,5.758917e-05,0,xgboost_enhanced_fitnow,0.0066650183871388435
702911,0,5.725045e-05,0,xgboost_enhanced_fitnow,0.0066650183871388435
595978,0,5.6857843e-05,0,xgboost_enhanced_fitnow,0.0066650183871388435
677013,0,5.635711e-05,0,xgboost_enhanced_fitnow,0.0066650183871388435
665625,0,5.6314562e-05,0,xgboost_enhanced_fitnow,0.0066650183871388435
670156,0,5.493572e-05,0,xgboost_enhanced_fitnow,0.0066650183871388435
681571,0,5.4845004e-05,0,xgboost_enhanced_fitnow,0.0066650183871388435
680454,0,5.4550193e-05,0,xgboost_enhanced_fitnow,0.0066650183871388435
607481,0,5.4072003e-05,0,xgboost_enhanced_fitnow,0.0066650183871388435
640448,0,5.3653785e-05,0,xgboost_enhanced_fitnow,0.0066650183871388435
667445,0,5.3350366e-05,0,xgboost_enhanced_fitnow,0.0066650183871388435
621389,0,5.2395026e-05,0,xgboost_enhanced_fitnow,0.0066650183871388435
572971,0,5.2235377e-05,0,xgboost_enhanced_fitnow,0.0066650183871388435
663558,0,5.1959054e-05,0,xgboost_enhanced_fitnow,0.0066650183871388435
592473,0,5.183068e-05,0,xgboost_enhanced_fitnow,0.0066650183871388435
670042,0,4.9960006e-05,0,xgboost_enhanced_fitnow,0.0066650183871388435
696136,0,4.9692306e-05,0,xgboost_enhanced_fitnow,0.0066650183871388435
676395,0,4.96068e-05,0,xgboost_enhanced_fitnow,0.0066650183871388435
676775,0,4.897132e-05,0,xgboost_enhanced_fitnow,0.0066650183871388435
664744,0,4.8730286e-05,0,xgboost_enhanced_fitnow,0.0066650183871388435
694381,0,4.807788e-05,0,xgboost_enhanced_fitnow,0.0066650183871388435
666214,0,4.8072012e-05,0,xgboost_enhanced_fitnow,0.0066650183871388435
669432,0,4.8049325e-05,0,xgboost_enhanced_fitnow,0.0066650183871388435
552640,0,4.6995032e-05,0,xgboost_enhanced_fitnow,0.0066650183871388435
671131,0,4.669813e-05,0,xgboost_enhanced_fitnow,0.0066650183871388435
691094,0,4.6518693e-05,0,xgboost_enhanced_fitnow,0.0066650183871388435
666974,0,4.614033e-05,0,xgboost_enhanced_fitnow,0.0066650183871388435
692285,0,4.6067653e-05,0,xgboost_enhanced_fitnow,0.0066650183871388435
670241,0,4.5385834e-05,0,xgboost_enhanced_fitnow,0.0066650183871388435
664076,0,4.4833832e-05,0,xgboost_enhanced_fitnow,0.0066650183871388435
608371,0,4.4733388e-05,0,xgboost_enhanced_fitnow,0.0066650183871388435
685401,0,4.428753e-05,0,xgboost_enhanced_fitnow,0.0066650183871388435
605463,0,4.4202512e-05,0,xgboost_enhanced_fitnow,0.0066650183871388435
674381,0,4.4171666e-05,0,xgboost_enhanced_fitnow,0.0066650183871388435
664687,0,4.4135453e-05,0,xgboost_enhanced_fitnow,0.0066650183871388435
642578,0,4.3819993e-05,0,xgboost_enhanced_fitnow,0.0066650183871388435
681293,0,4.371861e-05,0,xgboost_enhanced_fitnow,0.0066650183871388435
640462,0,4.3149957e-05,0,xgboost_enhanced_fitnow,0.0066650183871388435
666277,0,4.290876e-05,0,xgboost_enhanced_fitnow,0.0066650183871388435
656259,0,4.1759376e-05,0,xgboost_enhanced_fitnow,0.0066650183871388435
681871,0,4.164425e-05,0,xgboost_enhanced_fitnow,0.0066650183871388435
665178,0,4.163333e-05,0,xgboost_enhanced_fitnow,0.0066650183871388435
605612,0,4.151435e-05,0,xgboost_enhanced_fitnow,0.0066650183871388435
592426,0,4.1098934e-05,0,xgboost_enhanced_fitnow,0.0066650183871388435
700287,0,4.0780393e-05,0,xgboost_enhanced_fitnow,0.0066650183871388435
595897,0,4.075058e-05,0,xgboost_enhanced_fitnow,0.0066650183871388435
519151,0,4.052735e-05,0,xgboost_enhanced_fitnow,0.0066650183871388435
668968,0,4.0194533e-05,0,xgboost_enhanced_fitnow,0.0066650183871388435
641974,0,3.9427883e-05,0,xgboost_enhanced_fitnow,0.0066650183871388435
671093,0,3.9043505e-05,0,xgboost_enhanced_fitnow,0.0066650183871388435
623354,0,3.8651116e-05,0,xgboost_enhanced_fitnow,0.0066650183871388435
676701,0,3.7341004e-05,0,xgboost_enhanced_fitnow,0.0066650183871388435
669639,0,3.661338e-05,0,xgboost_enhanced_fitnow,0.0066650183871388435
681252,0,3.5946658e-05,0,xgboost_enhanced_fitnow,0.0066650183871388435
656919,0,3.5650537e-05,0,xgboost_enhanced_fitnow,0.0066650183871388435
622088,0,3.5366334e-05,0,xgboost_enhanced_fitnow,0.0066650183871388435
641464,0,3.5281377e-05,0,xgboost_enhanced_fitnow,0.0066650183871388435
674086,0,3.418956e-05,0,xgboost_enhanced_fitnow,0.0066650183871388435
657252,0,3.3971774e-05,0,xgboost_enhanced_fitnow,0.0066650183871388435
663767,0,3.380882e-05,0,xgboost_enhanced_fitnow,0.0066650183871388435
671162,0,3.231047e-05,0,xgboost_enhanced_fitnow,0.0066650183871388435
663753,0,3.209856e-05,0,xgboost_enhanced_fitnow,0.0066650183871388435
681803,0,3.203972e-05,0,xgboost_enhanced_fitnow,0.0066650183871388435
659418,0,3.177333e-05,0,xgboost_enhanced_fitnow,0.0066650183871388435
663897,0,3.1539756e-05,0,xgboost_enhanced_fitnow,0.0066650183871388435
669169,0,3.150693e-05,0,xgboost_enhanced_fitnow,0.0066650183871388435
663556,0,3.1504616e-05,0,xgboost_enhanced_fitnow,0.0066650183871388435
679025,0,3.1314532e-05,0,xgboost_enhanced_fitnow,0.0066650183871388435
663489,0,3.0378476e-05,0,xgboost_enhanced_fitnow,0.0066650183871388435
642121,0,2.9870778e-05,0,xgboost_enhanced_fitnow,0.0066650183871388435
669796,0,2.9185936e-05,0,xgboost_enhanced_fitnow,0.0066650183871388435
668909,0,2.8965364e-05,0,xgboost_enhanced_fitnow,0.0066650183871388435
641302,0,2.877635e-05,0,xgboost_enhanced_fitnow,0.0066650183871388435
543063,0,2.8744893e-05,0,xgboost_enhanced_fitnow,0.0066650183871388435
682023,0,2.86484e-05,0,xgboost_enhanced_fitnow,0.0066650183871388435
621139,0,2.8315264e-05,0,xgboost_enhanced_fitnow,0.0066650183871388435
606303,0,2.7351967e-05,0,xgboost_enhanced_fitnow,0.0066650183871388435
670810,0,2.7258042e-05,0,xgboost_enhanced_fitnow,0.0066650183871388435
542914,0,2.7212174e-05,0,xgboost_enhanced_fitnow,0.0066650183871388435
657228,0,2.6727013e-05,0,xgboost_enhanced_fitnow,0.0066650183871388435
663770,0,2.6028449e-05,0,xgboost_enhanced_fitnow,0.0066650183871388435
621294,0,2.5923835e-05,0,xgboost_enhanced_fitnow,0.0066650183871388435
623465,0,2.573022e-05,0,xgboost_enhanced_fitnow,0.0066650183871388435
680802,0,2.4673915e-05,0,xgboost_enhanced_fitnow,0.0066650183871388435
628452,0,2.3888606e-05,0,xgboost_enhanced_fitnow,0.0066650183871388435
543281,0,2.3472145e-05,0,xgboost_enhanced_fitnow,0.0066650183871388435
643239,0,2.345082e-05,0,xgboost_enhanced_fitnow,0.0066650183871388435
607536,0,2.341634e-05,0,xgboost_enhanced_fitnow,0.0066650183871388435
641771,0,2.3172533e-05,0,xgboost_enhanced_fitnow,0.0066650183871388435
656529,0,2.290705e-05,0,xgboost_enhanced_fitnow,0.0066650183871388435
662165,0,2.2199283e-05,0,xgboost_enhanced_fitnow,0.0066650183871388435
650556,0,2.212107e-05,0,xgboost_enhanced_fitnow,0.0066650183871388435
518626,0,2.1857853e-05,0,xgboost_enhanced_fitnow,0.0066650183871388435
672277,0,2.1118281e-05,0,xgboost_enhanced_fitnow,0.0066650183871388435
671987,0,2.1118281e-05,0,xgboost_enhanced_fitnow,0.0066650183871388435
656716,0,2.0117315e-05,0,xgboost_enhanced_fitnow,0.0066650183871388435
677643,0,1.9623085e-05,0,xgboost_enhanced_fitnow,0.0066650183871388435
677369,0,1.9623085e-05,0,xgboost_enhanced_fitnow,0.0066650183871388435
678868,0,1.9623085e-05,0,xgboost_enhanced_fitnow,0.0066650183871388435
673929,0,1.9623085e-05,0,xgboost_enhanced_fitnow,0.0066650183871388435
678870,0,1.9623085e-05,0,xgboost_enhanced_fitnow,0.0066650183871388435
676498,0,1.9623085e-05,0,xgboost_enhanced_fitnow,0.0066650183871388435
679052,0,1.9623085e-05,0,xgboost_enhanced_fitnow,0.0066650183871388435
673965,0,1.9623085e-05,0,xgboost_enhanced_fitnow,0.0066650183871388435
679156,0,1.9623085e-05,0,xgboost_enhanced_fitnow,0.0066650183871388435
674047,0,1.9623085e-05,0,xgboost_enhanced_fitnow,0.0066650183871388435
676510,0,1.9623085e-05,0,xgboost_enhanced_fitnow,0.0066650183871388435
679655,0,1.9623085e-05,0,xgboost_enhanced_fitnow,0.0066650183871388435
679928,0,1.9623085e-05,0,xgboost_enhanced_fitnow,0.0066650183871388435
680423,0,1.9623085e-05,0,xgboost_enhanced_fitnow,0.0066650183871388435
677124,0,1.9623085e-05,0,xgboost_enhanced_fitnow,0.0066650183871388435
676105,0,1.9623085e-05,0,xgboost_enhanced_fitnow,0.0066650183871388435
672550,0,1.9623085e-05,0,xgboost_enhanced_fitnow,0.0066650183871388435
675276,0,1.9623085e-05,0,xgboost_enhanced_fitnow,0.0066650183871388435
676215,0,1.9623085e-05,0,xgboost_enhanced_fitnow,0.0066650183871388435
678752,0,1.9623085e-05,0,xgboost_enhanced_fitnow,0.0066650183871388435
672529,0,1.9623085e-05,0,xgboost_enhanced_fitnow,0.0066650183871388435
676221,0,1.9623085e-05,0,xgboost_enhanced_fitnow,0.0066650183871388435
677185,0,1.9623085e-05,0,xgboost_enhanced_fitnow,0.0066650183871388435
674375,0,1.9623085e-05,0,xgboost_enhanced_fitnow,0.0066650183871388435
672848,0,1.9623085e-05,0,xgboost_enhanced_fitnow,0.0066650183871388435
672774,0,1.9623085e-05,0,xgboost_enhanced_fitnow,0.0066650183871388435
677955,0,1.9623085e-05,0,xgboost_enhanced_fitnow,0.0066650183871388435
676292,0,1.9623085e-05,0,xgboost_enhanced_fitnow,0.0066650183871388435
678024,0,1.9623085e-05,0,xgboost_enhanced_fitnow,0.0066650183871388435
678041,0,1.9623085e-05,0,xgboost_enhanced_fitnow,0.0066650183871388435
673387,0,1.9623085e-05,0,xgboost_enhanced_fitnow,0.0066650183871388435
674289,0,1.9623085e-05,0,xgboost_enhanced_fitnow,0.0066650183871388435
676785,0,1.9623085e-05,0,xgboost_enhanced_fitnow,0.0066650183871388435
678184,0,1.9623085e-05,0,xgboost_enhanced_fitnow,0.0066650183871388435
678316,0,1.9623085e-05,0,xgboost_enhanced_fitnow,0.0066650183871388435
676515,0,1.9623085e-05,0,xgboost_enhanced_fitnow,0.0066650183871388435
676742,0,1.9623085e-05,0,xgboost_enhanced_fitnow,0.0066650183871388435
676670,0,1.9623085e-05,0,xgboost_enhanced_fitnow,0.0066650183871388435
680451,0,1.9623085e-05,0,xgboost_enhanced_fitnow,0.0066650183871388435
676660,0,1.9623085e-05,0,xgboost_enhanced_fitnow,0.0066650183871388435
675976,0,1.9623085e-05,0,xgboost_enhanced_fitnow,0.0066650183871388435
680701,0,1.9623085e-05,0,xgboost_enhanced_fitnow,0.0066650183871388435
681168,0,1.9623085e-05,0,xgboost_enhanced_fitnow,0.0066650183871388435
681256,0,1.9623085e-05,0,xgboost_enhanced_fitnow,0.0066650183871388435
681320,0,1.9623085e-05,0,xgboost_enhanced_fitnow,0.0066650183871388435
681401,0,1.9623085e-05,0,xgboost_enhanced_fitnow,0.0066650183871388435
676614,0,1.9623085e-05,0,xgboost_enhanced_fitnow,0.0066650183871388435
681464,0,1.9623085e-05,0,xgboost_enhanced_fitnow,0.0066650183871388435
676620,0,1.9623085e-05,0,xgboost_enhanced_fitnow,0.0066650183871388435
681473,0,1.9623085e-05,0,xgboost_enhanced_fitnow,0.0066650183871388435
675973,0,1.9623085e-05,0,xgboost_enhanced_fitnow,0.0066650183871388435
681484,0,1.9623085e-05,0,xgboost_enhanced_fitnow,0.0066650183871388435
676611,0,1.9623085e-05,0,xgboost_enhanced_fitnow,0.0066650183871388435
676571,0,1.9623085e-05,0,xgboost_enhanced_fitnow,0.0066650183871388435
675963,0,1.9623085e-05,0,xgboost_enhanced_fitnow,0.0066650183871388435
676617,0,1.9623085e-05,0,xgboost_enhanced_fitnow,0.0066650183871388435
681145,0,1.9623085e-05,0,xgboost_enhanced_fitnow,0.0066650183871388435
676637,0,1.9623085e-05,0,xgboost_enhanced_fitnow,0.0066650183871388435
680970,0,1.9623085e-05,0,xgboost_enhanced_fitnow,0.0066650183871388435
680758,0,1.9623085e-05,0,xgboost_enhanced_fitnow,0.0066650183871388435
680916,0,1.9623085e-05,0,xgboost_enhanced_fitnow,0.0066650183871388435
571875,0,1.8444e-05,0,xgboost_enhanced_fitnow,0.0066650183871388435
669085,0,1.7972117e-05,0,xgboost_enhanced_fitnow,0.0066650183871388435
622110,0,1.7682172e-05,0,xgboost_enhanced_fitnow,0.0066650183871388435
542208,0,1.7647066e-05,0,xgboost_enhanced_fitnow,0.0066650183871388435
657041,0,1.7570173e-05,0,xgboost_enhanced_fitnow,0.0066650183871388435
680212,0,1.6990462e-05,0,xgboost_enhanced_fitnow,0.0066650183871388435
519076,0,1.6490154e-05,0,xgboost_enhanced_fitnow,0.0066650183871388435
664875,0,1.6421385e-05,0,xgboost_enhanced_fitnow,0.0066650183871388435
669746,0,1.6122873e-05,0,xgboost_enhanced_fitnow,0.0066650183871388435
669740,0,1.6122873e-05,0,xgboost_enhanced_fitnow,0.0066650183871388435
670161,0,1.6098737e-05,0,xgboost_enhanced_fitnow,0.0066650183871388435
670376,0,1.6098737e-05,0,xgboost_enhanced_fitnow,0.0066650183871388435
669935,0,1.6098737e-05,0,xgboost_enhanced_fitnow,0.0066650183871388435
670219,0,1.6098737e-05,0,xgboost_enhanced_fitnow,0.0066650183871388435
670426,0,1.6098737e-05,0,xgboost_enhanced_fitnow,0.0066650183871388435
670986,0,1.6098737e-05,0,xgboost_enhanced_fitnow,0.0066650183871388435
670404,0,1.6098737e-05,0,xgboost_enhanced_fitnow,0.0066650183871388435
670288,0,1.6098737e-05,0,xgboost_enhanced_fitnow,0.0066650183871388435
641420,0,1.5846477e-05,0,xgboost_enhanced_fitnow,0.0066650183871388435
667722,0,1.5200432e-05,0,xgboost_enhanced_fitnow,0.0066650183871388435
669283,0,1.511441e-05,0,xgboost_enhanced_fitnow,0.0066650183871388435
669372,0,1.511441e-05,0,xgboost_enhanced_fitnow,0.0066650183871388435
668943,0,1.511441e-05,0,xgboost_enhanced_fitnow,0.0066650183871388435
669247,0,1.511441e-05,0,xgboost_enhanced_fitnow,0.0066650183871388435
669081,0,1.511441e-05,0,xgboost_enhanced_fitnow,0.0066650183871388435
669393,0,1.511441e-05,0,xgboost_enhanced_fitnow,0.0066650183871388435
669062,0,1.511441e-05,0,xgboost_enhanced_fitnow,0.0066650183871388435
669199,0,1.511441e-05,0,xgboost_enhanced_fitnow,0.0066650183871388435
668954,0,1.511441e-05,0,xgboost_enhanced_fitnow,0.0066650183871388435
669662,0,1.511441e-05,0,xgboost_enhanced_fitnow,0.0066650183871388435
613564,0,1.5071604e-05,0,xgboost_enhanced_fitnow,0.0066650183871388435
607461,0,1.5071604e-05,0,xgboost_enhanced_fitnow,0.0066650183871388435
672374,0,1.4896116e-05,0,xgboost_enhanced_fitnow,0.0066650183871388435
623507,0,1.472211e-05,0,xgboost_enhanced_fitnow,0.0066650183871388435
572096,0,1.470554e-05,0,xgboost_enhanced_fitnow,0.0066650183871388435
666364,0,1.4595582e-05,0,xgboost_enhanced_fitnow,0.0066650183871388435
641525,0,1.4419434e-05,0,xgboost_enhanced_fitnow,0.0066650183871388435
641645,0,1.4419434e-05,0,xgboost_enhanced_fitnow,0.0066650183871388435
667434,0,1.4400881e-05,0,xgboost_enhanced_fitnow,0.0066650183871388435
667435,0,1.4400881e-05,0,xgboost_enhanced_fitnow,0.0066650183871388435
666130,0,1.4400881e-05,0,xgboost_enhanced_fitnow,0.0066650183871388435
665996,0,1.4400881e-05,0,xgboost_enhanced_fitnow,0.0066650183871388435
667429,0,1.4400881e-05,0,xgboost_enhanced_fitnow,0.0066650183871388435
667414,0,1.4400881e-05,0,xgboost_enhanced_fitnow,0.0066650183871388435
656647,0,1.3340619e-05,0,xgboost_enhanced_fitnow,0.0066650183871388435
668941,0,1.2998758e-05,0,xgboost_enhanced_fitnow,0.0066650183871388435
592145,0,1.2962364e-05,0,xgboost_enhanced_fitnow,0.0066650183871388435
681085,0,1.2771545e-05,0,xgboost_enhanced_fitnow,0.0066650183871388435
547184,0,1.1749351e-05,0,xgboost_enhanced_fitnow,0.0066650183871388435
672730,0,1.0056519e-05,0,xgboost_enhanced_fitnow,0.0066650183871388435
572955,0,9.494985e-06,0,xgboost_enhanced_fitnow,0.0066650183871388435
650530,0,9.456949e-06,0,xgboost_enhanced_fitnow,0.0066650183871388435
650204,0,9.456949e-06,0,xgboost_enhanced_fitnow,0.0066650183871388435
669165,0,9.456246e-06,0,xgboost_enhanced_fitnow,0.0066650183871388435
672755,0,9.118588e-06,0,xgboost_enhanced_fitnow,0.0066650183871388435
663795,0,8.93425e-06,0,xgboost_enhanced_fitnow,0.0066650183871388435
643357,0,8.566411e-06,0,xgboost_enhanced_fitnow,0.0066650183871388435
642840,0,8.566411e-06,0,xgboost_enhanced_fitnow,0.0066650183871388435
644425,0,8.566411e-06,0,xgboost_enhanced_fitnow,0.0066650183871388435
664944,0,8.434149e-06,0,xgboost_enhanced_fitnow,0.0066650183871388435
663901,0,8.434149e-06,0,xgboost_enhanced_fitnow,0.0066650183871388435
663893,0,8.434149e-06,0,xgboost_enhanced_fitnow,0.0066650183871388435
664337,0,8.434149e-06,0,xgboost_enhanced_fitnow,0.0066650183871388435
664144,0,8.434149e-06,0,xgboost_enhanced_fitnow,0.0066650183871388435
664092,0,8.434149e-06,0,xgboost_enhanced_fitnow,0.0066650183871388435
664048,0,8.434149e-06,0,xgboost_enhanced_fitnow,0.0066650183871388435
663880,0,8.434149e-06,0,xgboost_enhanced_fitnow,0.0066650183871388435
663977,0,8.434149e-06,0,xgboost_enhanced_fitnow,0.0066650183871388435
605156,0,7.976505e-06,0,xgboost_enhanced_fitnow,0.0066650183871388435
476594,0,7.832244e-06,0,xgboost_enhanced_fitnow,0.0066650183871388435
600355,0,7.710134e-06,0,xgboost_enhanced_fitnow,0.0066650183871388435
666123,0,7.1285294e-06,0,xgboost_enhanced_fitnow,0.0066650183871388435
642563,0,6.651954e-06,0,xgboost_enhanced_fitnow,0.0066650183871388435
655889,0,6.303492e-06,0,xgboost_enhanced_fitnow,0.0066650183871388435
656008,0,6.303492e-06,0,xgboost_enhanced_fitnow,0.0066650183871388435
656206,0,6.303492e-06,0,xgboost_enhanced_fitnow,0.0066650183871388435
656547,0,6.303492e-06,0,xgboost_enhanced_fitnow,0.0066650183871388435
657752,0,6.303492e-06,0,xgboost_enhanced_fitnow,0.0066650183871388435
656368,0,6.303492e-06,0,xgboost_enhanced_fitnow,0.0066650183871388435
656342,0,6.303492e-06,0,xgboost_enhanced_fitnow,0.0066650183871388435
663613,0,6.303492e-06,0,xgboost_enhanced_fitnow,0.0066650183871388435
657116,0,6.303492e-06,0,xgboost_enhanced_fitnow,0.0066650183871388435
661536,0,6.303492e-06,0,xgboost_enhanced_fitnow,0.0066650183871388435
663734,0,6.303492e-06,0,xgboost_enhanced_fitnow,0.0066650183871388435
657246,0,6.303492e-06,0,xgboost_enhanced_fitnow,0.0066650183871388435
663443,0,6.303492e-06,0,xgboost_enhanced_fitnow,0.0066650183871388435
659262,0,6.303492e-06,0,xgboost_enhanced_fitnow,0.0066650183871388435
657770,0,6.303492e-06,0,xgboost_enhanced_fitnow,0.0066650183871388435
657649,0,6.303492e-06,0,xgboost_enhanced_fitnow,0.0066650183871388435
656701,0,6.303492e-06,0,xgboost_enhanced_fitnow,0.0066650183871388435
663436,0,6.303492e-06,0,xgboost_enhanced_fitnow,0.0066650183871388435
624526,0,5.9129507e-06,0,xgboost_enhanced_fitnow,0.0066650183871388435
641551,0,5.7913835e-06,0,xgboost_enhanced_fitnow,0.0066650183871388435
641709,0,5.7913835e-06,0,xgboost_enhanced_fitnow,0.0066650183871388435
641962,0,5.7913835e-06,0,xgboost_enhanced_fitnow,0.0066650183871388435
642141,0,5.7913835e-06,0,xgboost_enhanced_fitnow,0.0066650183871388435
606273,0,5.776755e-06,0,xgboost_enhanced_fitnow,0.0066650183871388435
523989,0,5.6488816e-06,0,xgboost_enhanced_fitnow,0.0066650183871388435
622694,0,5.6427975e-06,0,xgboost_enhanced_fitnow,0.0066650183871388435
622338,0,5.6427975e-06,0,xgboost_enhanced_fitnow,0.0066650183871388435
621098,0,5.6427975e-06,0,xgboost_enhanced_fitnow,0.0066650183871388435
592858,0,5.504938e-06,0,xgboost_enhanced_fitnow,0.0066650183871388435
592716,0,5.504938e-06,0,xgboost_enhanced_fitnow,0.0066650183871388435
592712,0,5.504938e-06,0,xgboost_enhanced_fitnow,0.0066650183871388435
592455,0,5.504938e-06,0,xgboost_enhanced_fitnow,0.0066650183871388435
592411,0,5.504938e-06,0,xgboost_enhanced_fitnow,0.0066650183871388435
592155,0,5.504938e-06,0,xgboost_enhanced_fitnow,0.0066650183871388435
573046,0,5.504938e-06,0,xgboost_enhanced_fitnow,0.0066650183871388435
571446,0,5.504938e-06,0,xgboost_enhanced_fitnow,0.0066650183871388435
592769,0,5.504938e-06,0,xgboost_enhanced_fitnow,0.0066650183871388435
621053,0,4.120852e-06,0,xgboost_enhanced_fitnow,0.0066650183871388435
